time,channel1,channel2,channel3,channel4,channel5,channel6,channel7,channel8,class,label
35482,2e-05,3e-05,2e-05,0.0,-2e-05,0.0,-1e-05,2e-05,1,1
5838,0.00011,-0.00012,-6e-05,7e-05,-8e-05,-0.00028,-0.00017,-7e-05,2,1
35482,2e-05,3e-05,2e-05,0.0,-2e-05,0.0,-1e-05,2e-05,1,1
45012,-0.00017,-0.00035,-6e-05,8e-05,0.00012,-9e-05,9e-05,0.00017,3,1
35482,2e-05,3e-05,2e-05,0.0,-2e-05,0.0,-1e-05,2e-05,1,1
18717,-2e-05,-1e-05,-3e-05,1e-05,-0.00021,0.00022,2e-05,-7e-05,4,1
35482,2e-05,3e-05,2e-05,0.0,-2e-05,0.0,-1e-05,2e-05,1,1
23318,-1e-05,1e-05,6e-05,0.0005,0.00064,0.00025,3e-05,-2e-05,5,1
35482,2e-05,3e-05,2e-05,0.0,-2e-05,0.0,-1e-05,2e-05,1,1
27551,-0.00013,-0.0002,-2e-05,-1e-05,-9e-05,1e-05,3e-05,7e-05,6,1
5838,0.00011,-0.00012,-6e-05,7e-05,-8e-05,-0.00028,-0.00017,-7e-05,2,1
45012,-0.00017,-0.00035,-6e-05,8e-05,0.00012,-9e-05,9e-05,0.00017,3,1
5838,0.00011,-0.00012,-6e-05,7e-05,-8e-05,-0.00028,-0.00017,-7e-05,2,1
18717,-2e-05,-1e-05,-3e-05,1e-05,-0.00021,0.00022,2e-05,-7e-05,4,1
5838,0.00011,-0.00012,-6e-05,7e-05,-8e-05,-0.00028,-0.00017,-7e-05,2,1
23318,-1e-05,1e-05,6e-05,0.0005,0.00064,0.00025,3e-05,-2e-05,5,1
5838,0.00011,-0.00012,-6e-05,7e-05,-8e-05,-0.00028,-0.00017,-7e-05,2,1
27551,-0.00013,-0.0002,-2e-05,-1e-05,-9e-05,1e-05,3e-05,7e-05,6,1
45012,-0.00017,-0.00035,-6e-05,8e-05,0.00012,-9e-05,9e-05,0.00017,3,1
18717,-2e-05,-1e-05,-3e-05,1e-05,-0.00021,0.00022,2e-05,-7e-05,4,1
45012,-0.00017,-0.00035,-6e-05,8e-05,0.00012,-9e-05,9e-05,0.00017,3,1
23318,-1e-05,1e-05,6e-05,0.0005,0.00064,0.00025,3e-05,-2e-05,5,1
45012,-0.00017,-0.00035,-6e-05,8e-05,0.00012,-9e-05,9e-05,0.00017,3,1
27551,-0.00013,-0.0002,-2e-05,-1e-05,-9e-05,1e-05,3e-05,7e-05,6,1
18717,-2e-05,-1e-05,-3e-05,1e-05,-0.00021,0.00022,2e-05,-7e-05,4,1
23318,-1e-05,1e-05,6e-05,0.0005,0.00064,0.00025,3e-05,-2e-05,5,1
18717,-2e-05,-1e-05,-3e-05,1e-05,-0.00021,0.00022,2e-05,-7e-05,4,1
27551,-0.00013,-0.0002,-2e-05,-1e-05,-9e-05,1e-05,3e-05,7e-05,6,1
23318,-1e-05,1e-05,6e-05,0.0005,0.00064,0.00025,3e-05,-2e-05,5,1
27551,-0.00013,-0.0002,-2e-05,-1e-05,-9e-05,1e-05,3e-05,7e-05,6,1
45024,-3e-05,-2e-05,-1e-05,-2e-05,-1e-05,2e-05,0.0,-2e-05,1,2
39526,-3e-05,-1e-05,4e-05,-0.00019,-4e-05,-3e-05,0.0,-3e-05,2,2
45024,-3e-05,-2e-05,-1e-05,-2e-05,-1e-05,2e-05,0.0,-2e-05,1,2
53460,0.00084,0.00034,7e-05,2e-05,0.00017,0.00013,0.00051,0.00039,3,2
45024,-3e-05,-2e-05,-1e-05,-2e-05,-1e-05,2e-05,0.0,-2e-05,1,2
18923,-2e-05,-6e-05,-0.0002,-0.00054,-5e-05,-0.00011,-4e-05,-1e-05,4,2
45024,-3e-05,-2e-05,-1e-05,-2e-05,-1e-05,2e-05,0.0,-2e-05,1,2
26392,0.0,2e-05,-1e-05,0.00013,-6e-05,0.0,-3e-05,0.0,5,2
45024,-3e-05,-2e-05,-1e-05,-2e-05,-1e-05,2e-05,0.0,-2e-05,1,2
72699,2e-05,9e-05,4e-05,0.00033,8e-05,-3e-05,-8e-05,8e-05,6,2
39526,-3e-05,-1e-05,4e-05,-0.00019,-4e-05,-3e-05,0.0,-3e-05,2,2
53460,0.00084,0.00034,7e-05,2e-05,0.00017,0.00013,0.00051,0.00039,3,2
39526,-3e-05,-1e-05,4e-05,-0.00019,-4e-05,-3e-05,0.0,-3e-05,2,2
18923,-2e-05,-6e-05,-0.0002,-0.00054,-5e-05,-0.00011,-4e-05,-1e-05,4,2
39526,-3e-05,-1e-05,4e-05,-0.00019,-4e-05,-3e-05,0.0,-3e-05,2,2
26392,0.0,2e-05,-1e-05,0.00013,-6e-05,0.0,-3e-05,0.0,5,2
39526,-3e-05,-1e-05,4e-05,-0.00019,-4e-05,-3e-05,0.0,-3e-05,2,2
72699,2e-05,9e-05,4e-05,0.00033,8e-05,-3e-05,-8e-05,8e-05,6,2
53460,0.00084,0.00034,7e-05,2e-05,0.00017,0.00013,0.00051,0.00039,3,2
18923,-2e-05,-6e-05,-0.0002,-0.00054,-5e-05,-0.00011,-4e-05,-1e-05,4,2
53460,0.00084,0.00034,7e-05,2e-05,0.00017,0.00013,0.00051,0.00039,3,2
26392,0.0,2e-05,-1e-05,0.00013,-6e-05,0.0,-3e-05,0.0,5,2
53460,0.00084,0.00034,7e-05,2e-05,0.00017,0.00013,0.00051,0.00039,3,2
72699,2e-05,9e-05,4e-05,0.00033,8e-05,-3e-05,-8e-05,8e-05,6,2
18923,-2e-05,-6e-05,-0.0002,-0.00054,-5e-05,-0.00011,-4e-05,-1e-05,4,2
26392,0.0,2e-05,-1e-05,0.00013,-6e-05,0.0,-3e-05,0.0,5,2
18923,-2e-05,-6e-05,-0.0002,-0.00054,-5e-05,-0.00011,-4e-05,-1e-05,4,2
72699,2e-05,9e-05,4e-05,0.00033,8e-05,-3e-05,-8e-05,8e-05,6,2
26392,0.0,2e-05,-1e-05,0.00013,-6e-05,0.0,-3e-05,0.0,5,2
72699,2e-05,9e-05,4e-05,0.00033,8e-05,-3e-05,-8e-05,8e-05,6,2
2893,0.0,-2e-05,-3e-05,-3e-05,-1e-05,-1e-05,-1e-05,-3e-05,1,3
35494,-7e-05,-8e-05,0.00025,3e-05,-0.00059,-0.00034,-0.00052,-0.00022,2,3
2893,0.0,-2e-05,-3e-05,-3e-05,-1e-05,-1e-05,-1e-05,-3e-05,1,3
41813,0.00052,0.00078,0.00012,2e-05,-0.00011,-2e-05,5e-05,8e-05,3,3
2893,0.0,-2e-05,-3e-05,-3e-05,-1e-05,-1e-05,-1e-05,-3e-05,1,3
17426,-5e-05,-8e-05,-0.00012,-7e-05,0.00039,0.00071,-0.00018,-3e-05,4,3
2893,0.0,-2e-05,-3e-05,-3e-05,-1e-05,-1e-05,-1e-05,-3e-05,1,3
21927,0.00085,3e-05,-9e-05,0.0002,0.00064,8e-05,-8e-05,0.0,5,3
2893,0.0,-2e-05,-3e-05,-3e-05,-1e-05,-1e-05,-1e-05,-3e-05,1,3
27846,7e-05,-4e-05,0.00012,0.00012,0.00014,0.00021,-1e-05,5e-05,6,3
35494,-7e-05,-8e-05,0.00025,3e-05,-0.00059,-0.00034,-0.00052,-0.00022,2,3
41813,0.00052,0.00078,0.00012,2e-05,-0.00011,-2e-05,5e-05,8e-05,3,3
35494,-7e-05,-8e-05,0.00025,3e-05,-0.00059,-0.00034,-0.00052,-0.00022,2,3
17426,-5e-05,-8e-05,-0.00012,-7e-05,0.00039,0.00071,-0.00018,-3e-05,4,3
35494,-7e-05,-8e-05,0.00025,3e-05,-0.00059,-0.00034,-0.00052,-0.00022,2,3
21927,0.00085,3e-05,-9e-05,0.0002,0.00064,8e-05,-8e-05,0.0,5,3
35494,-7e-05,-8e-05,0.00025,3e-05,-0.00059,-0.00034,-0.00052,-0.00022,2,3
27846,7e-05,-4e-05,0.00012,0.00012,0.00014,0.00021,-1e-05,5e-05,6,3
41813,0.00052,0.00078,0.00012,2e-05,-0.00011,-2e-05,5e-05,8e-05,3,3
17426,-5e-05,-8e-05,-0.00012,-7e-05,0.00039,0.00071,-0.00018,-3e-05,4,3
41813,0.00052,0.00078,0.00012,2e-05,-0.00011,-2e-05,5e-05,8e-05,3,3
21927,0.00085,3e-05,-9e-05,0.0002,0.00064,8e-05,-8e-05,0.0,5,3
41813,0.00052,0.00078,0.00012,2e-05,-0.00011,-2e-05,5e-05,8e-05,3,3
27846,7e-05,-4e-05,0.00012,0.00012,0.00014,0.00021,-1e-05,5e-05,6,3
17426,-5e-05,-8e-05,-0.00012,-7e-05,0.00039,0.00071,-0.00018,-3e-05,4,3
21927,0.00085,3e-05,-9e-05,0.0002,0.00064,8e-05,-8e-05,0.0,5,3
17426,-5e-05,-8e-05,-0.00012,-7e-05,0.00039,0.00071,-0.00018,-3e-05,4,3
27846,7e-05,-4e-05,0.00012,0.00012,0.00014,0.00021,-1e-05,5e-05,6,3
21927,0.00085,3e-05,-9e-05,0.0002,0.00064,8e-05,-8e-05,0.0,5,3
27846,7e-05,-4e-05,0.00012,0.00012,0.00014,0.00021,-1e-05,5e-05,6,3
32209,-2e-05,0.0,0.0,-3e-05,-3e-05,0.0,0.0,0.0,1,4
35770,-0.00032,-0.00011,-0.00013,0.0,0.00014,0.0,-0.00011,-0.00014,2,4
32209,-2e-05,0.0,0.0,-3e-05,-3e-05,0.0,0.0,0.0,1,4
10039,0.0006,0.00016,-0.0003,-0.00014,-0.00013,-9e-05,-0.00015,0.00013,3,4
32209,-2e-05,0.0,0.0,-3e-05,-3e-05,0.0,0.0,0.0,1,4
49086,3e-05,-2e-05,-7e-05,-0.00026,-3e-05,0.00047,0.00013,1e-05,4,4
32209,-2e-05,0.0,0.0,-3e-05,-3e-05,0.0,0.0,0.0,1,4
21680,-9e-05,-9e-05,-9e-05,-0.00053,-0.00079,-0.0002,-5e-05,-4e-05,5,4
32209,-2e-05,0.0,0.0,-3e-05,-3e-05,0.0,0.0,0.0,1,4
56366,-0.00012,-0.00032,-9e-05,-0.00016,-0.00022,8e-05,-0.00015,-0.00016,6,4
35770,-0.00032,-0.00011,-0.00013,0.0,0.00014,0.0,-0.00011,-0.00014,2,4
10039,0.0006,0.00016,-0.0003,-0.00014,-0.00013,-9e-05,-0.00015,0.00013,3,4
35770,-0.00032,-0.00011,-0.00013,0.0,0.00014,0.0,-0.00011,-0.00014,2,4
49086,3e-05,-2e-05,-7e-05,-0.00026,-3e-05,0.00047,0.00013,1e-05,4,4
35770,-0.00032,-0.00011,-0.00013,0.0,0.00014,0.0,-0.00011,-0.00014,2,4
21680,-9e-05,-9e-05,-9e-05,-0.00053,-0.00079,-0.0002,-5e-05,-4e-05,5,4
35770,-0.00032,-0.00011,-0.00013,0.0,0.00014,0.0,-0.00011,-0.00014,2,4
56366,-0.00012,-0.00032,-9e-05,-0.00016,-0.00022,8e-05,-0.00015,-0.00016,6,4
10039,0.0006,0.00016,-0.0003,-0.00014,-0.00013,-9e-05,-0.00015,0.00013,3,4
49086,3e-05,-2e-05,-7e-05,-0.00026,-3e-05,0.00047,0.00013,1e-05,4,4
10039,0.0006,0.00016,-0.0003,-0.00014,-0.00013,-9e-05,-0.00015,0.00013,3,4
21680,-9e-05,-9e-05,-9e-05,-0.00053,-0.00079,-0.0002,-5e-05,-4e-05,5,4
10039,0.0006,0.00016,-0.0003,-0.00014,-0.00013,-9e-05,-0.00015,0.00013,3,4
56366,-0.00012,-0.00032,-9e-05,-0.00016,-0.00022,8e-05,-0.00015,-0.00016,6,4
49086,3e-05,-2e-05,-7e-05,-0.00026,-3e-05,0.00047,0.00013,1e-05,4,4
21680,-9e-05,-9e-05,-9e-05,-0.00053,-0.00079,-0.0002,-5e-05,-4e-05,5,4
49086,3e-05,-2e-05,-7e-05,-0.00026,-3e-05,0.00047,0.00013,1e-05,4,4
56366,-0.00012,-0.00032,-9e-05,-0.00016,-0.00022,8e-05,-0.00015,-0.00016,6,4
21680,-9e-05,-9e-05,-9e-05,-0.00053,-0.00079,-0.0002,-5e-05,-4e-05,5,4
56366,-0.00012,-0.00032,-9e-05,-0.00016,-0.00022,8e-05,-0.00015,-0.00016,6,4
33206,-1e-05,-1e-05,0.0,-1e-05,0.0,-2e-05,0.0,1e-05,1,5
6428,-1e-05,3e-05,1e-05,-2e-05,2e-05,0.0,4e-05,-1e-05,2,5
33206,-1e-05,-1e-05,0.0,-1e-05,0.0,-2e-05,0.0,1e-05,1,5
41626,0.00018,0.00034,4e-05,0.0,-2e-05,9e-05,-6e-05,-6e-05,3,5
33206,-1e-05,-1e-05,0.0,-1e-05,0.0,-2e-05,0.0,1e-05,1,5
47360,-2e-05,-2e-05,-6e-05,-9e-05,-0.00065,-0.00012,-6e-05,-2e-05,4,5
33206,-1e-05,-1e-05,0.0,-1e-05,0.0,-2e-05,0.0,1e-05,1,5
52006,-7e-05,-9e-05,-0.00014,-0.00015,-0.00024,-9e-05,-7e-05,-5e-05,5,5
33206,-1e-05,-1e-05,0.0,-1e-05,0.0,-2e-05,0.0,1e-05,1,5
28827,2e-05,1e-05,2e-05,3e-05,5e-05,0.00014,8e-05,-2e-05,6,5
6428,-1e-05,3e-05,1e-05,-2e-05,2e-05,0.0,4e-05,-1e-05,2,5
41626,0.00018,0.00034,4e-05,0.0,-2e-05,9e-05,-6e-05,-6e-05,3,5
6428,-1e-05,3e-05,1e-05,-2e-05,2e-05,0.0,4e-05,-1e-05,2,5
47360,-2e-05,-2e-05,-6e-05,-9e-05,-0.00065,-0.00012,-6e-05,-2e-05,4,5
6428,-1e-05,3e-05,1e-05,-2e-05,2e-05,0.0,4e-05,-1e-05,2,5
52006,-7e-05,-9e-05,-0.00014,-0.00015,-0.00024,-9e-05,-7e-05,-5e-05,5,5
6428,-1e-05,3e-05,1e-05,-2e-05,2e-05,0.0,4e-05,-1e-05,2,5
28827,2e-05,1e-05,2e-05,3e-05,5e-05,0.00014,8e-05,-2e-05,6,5
41626,0.00018,0.00034,4e-05,0.0,-2e-05,9e-05,-6e-05,-6e-05,3,5
47360,-2e-05,-2e-05,-6e-05,-9e-05,-0.00065,-0.00012,-6e-05,-2e-05,4,5
41626,0.00018,0.00034,4e-05,0.0,-2e-05,9e-05,-6e-05,-6e-05,3,5
52006,-7e-05,-9e-05,-0.00014,-0.00015,-0.00024,-9e-05,-7e-05,-5e-05,5,5
41626,0.00018,0.00034,4e-05,0.0,-2e-05,9e-05,-6e-05,-6e-05,3,5
28827,2e-05,1e-05,2e-05,3e-05,5e-05,0.00014,8e-05,-2e-05,6,5
47360,-2e-05,-2e-05,-6e-05,-9e-05,-0.00065,-0.00012,-6e-05,-2e-05,4,5
52006,-7e-05,-9e-05,-0.00014,-0.00015,-0.00024,-9e-05,-7e-05,-5e-05,5,5
47360,-2e-05,-2e-05,-6e-05,-9e-05,-0.00065,-0.00012,-6e-05,-2e-05,4,5
28827,2e-05,1e-05,2e-05,3e-05,5e-05,0.00014,8e-05,-2e-05,6,5
52006,-7e-05,-9e-05,-0.00014,-0.00015,-0.00024,-9e-05,-7e-05,-5e-05,5,5
28827,2e-05,1e-05,2e-05,3e-05,5e-05,0.00014,8e-05,-2e-05,6,5
1388,0.0,0.0,0.0,0.0,-3e-05,-2e-05,-1e-05,-2e-05,1,6
29767,-4e-05,-5e-05,-8e-05,-3e-05,4e-05,-7e-05,-6e-05,-4e-05,2,6
1388,0.0,0.0,0.0,0.0,-3e-05,-2e-05,-1e-05,-2e-05,1,6
10866,0.00014,0.00014,6e-05,5e-05,2e-05,-1e-05,-4e-05,-0.00011,3,6
1388,0.0,0.0,0.0,0.0,-3e-05,-2e-05,-1e-05,-2e-05,1,6
15508,1e-05,1e-05,0.0,-0.00011,-0.00012,2e-05,0.0,4e-05,4,6
1388,0.0,0.0,0.0,0.0,-3e-05,-2e-05,-1e-05,-2e-05,1,6
46041,2e-05,6e-05,1e-05,2e-05,-4e-05,-8e-05,-1e-05,-7e-05,5,6
1388,0.0,0.0,0.0,0.0,-3e-05,-2e-05,-1e-05,-2e-05,1,6
22529,6e-05,1e-05,-1e-05,4e-05,0.00026,8e-05,0.00012,3e-05,6,6
29767,-4e-05,-5e-05,-8e-05,-3e-05,4e-05,-7e-05,-6e-05,-4e-05,2,6
10866,0.00014,0.00014,6e-05,5e-05,2e-05,-1e-05,-4e-05,-0.00011,3,6
29767,-4e-05,-5e-05,-8e-05,-3e-05,4e-05,-7e-05,-6e-05,-4e-05,2,6
15508,1e-05,1e-05,0.0,-0.00011,-0.00012,2e-05,0.0,4e-05,4,6
29767,-4e-05,-5e-05,-8e-05,-3e-05,4e-05,-7e-05,-6e-05,-4e-05,2,6
46041,2e-05,6e-05,1e-05,2e-05,-4e-05,-8e-05,-1e-05,-7e-05,5,6
29767,-4e-05,-5e-05,-8e-05,-3e-05,4e-05,-7e-05,-6e-05,-4e-05,2,6
22529,6e-05,1e-05,-1e-05,4e-05,0.00026,8e-05,0.00012,3e-05,6,6
10866,0.00014,0.00014,6e-05,5e-05,2e-05,-1e-05,-4e-05,-0.00011,3,6
15508,1e-05,1e-05,0.0,-0.00011,-0.00012,2e-05,0.0,4e-05,4,6
10866,0.00014,0.00014,6e-05,5e-05,2e-05,-1e-05,-4e-05,-0.00011,3,6
46041,2e-05,6e-05,1e-05,2e-05,-4e-05,-8e-05,-1e-05,-7e-05,5,6
10866,0.00014,0.00014,6e-05,5e-05,2e-05,-1e-05,-4e-05,-0.00011,3,6
22529,6e-05,1e-05,-1e-05,4e-05,0.00026,8e-05,0.00012,3e-05,6,6
15508,1e-05,1e-05,0.0,-0.00011,-0.00012,2e-05,0.0,4e-05,4,6
46041,2e-05,6e-05,1e-05,2e-05,-4e-05,-8e-05,-1e-05,-7e-05,5,6
15508,1e-05,1e-05,0.0,-0.00011,-0.00012,2e-05,0.0,4e-05,4,6
22529,6e-05,1e-05,-1e-05,4e-05,0.00026,8e-05,0.00012,3e-05,6,6
46041,2e-05,6e-05,1e-05,2e-05,-4e-05,-8e-05,-1e-05,-7e-05,5,6
22529,6e-05,1e-05,-1e-05,4e-05,0.00026,8e-05,0.00012,3e-05,6,6
36966,-1e-05,-1e-05,-2e-05,-2e-05,-0.0001,-2e-05,1e-05,-2e-05,1,7
39336,-0.00056,-0.00024,-0.00016,-6e-05,-0.0001,-0.00036,-0.00015,-0.00026,2,7
36966,-1e-05,-1e-05,-2e-05,-2e-05,-0.0001,-2e-05,1e-05,-2e-05,1,7
47501,-7e-05,-2e-05,-2e-05,-1e-05,0.00025,0.00015,7e-05,0.00056,3,7
36966,-1e-05,-1e-05,-2e-05,-2e-05,-0.0001,-2e-05,1e-05,-2e-05,1,7
18872,6e-05,0.0,-0.00021,0.00035,-0.00011,6e-05,4e-05,3e-05,4,7
36966,-1e-05,-1e-05,-2e-05,-2e-05,-0.0001,-2e-05,1e-05,-2e-05,1,7
28562,-0.00025,0.0,-2e-05,1e-05,-0.00016,-3e-05,-2e-05,8e-05,5,7
36966,-1e-05,-1e-05,-2e-05,-2e-05,-0.0001,-2e-05,1e-05,-2e-05,1,7
63374,3e-05,1e-05,0.00019,-7e-05,5e-05,0.00025,0.00024,6e-05,6,7
39336,-0.00056,-0.00024,-0.00016,-6e-05,-0.0001,-0.00036,-0.00015,-0.00026,2,7
47501,-7e-05,-2e-05,-2e-05,-1e-05,0.00025,0.00015,7e-05,0.00056,3,7
39336,-0.00056,-0.00024,-0.00016,-6e-05,-0.0001,-0.00036,-0.00015,-0.00026,2,7
18872,6e-05,0.0,-0.00021,0.00035,-0.00011,6e-05,4e-05,3e-05,4,7
39336,-0.00056,-0.00024,-0.00016,-6e-05,-0.0001,-0.00036,-0.00015,-0.00026,2,7
28562,-0.00025,0.0,-2e-05,1e-05,-0.00016,-3e-05,-2e-05,8e-05,5,7
39336,-0.00056,-0.00024,-0.00016,-6e-05,-0.0001,-0.00036,-0.00015,-0.00026,2,7
63374,3e-05,1e-05,0.00019,-7e-05,5e-05,0.00025,0.00024,6e-05,6,7
47501,-7e-05,-2e-05,-2e-05,-1e-05,0.00025,0.00015,7e-05,0.00056,3,7
18872,6e-05,0.0,-0.00021,0.00035,-0.00011,6e-05,4e-05,3e-05,4,7
47501,-7e-05,-2e-05,-2e-05,-1e-05,0.00025,0.00015,7e-05,0.00056,3,7
28562,-0.00025,0.0,-2e-05,1e-05,-0.00016,-3e-05,-2e-05,8e-05,5,7
47501,-7e-05,-2e-05,-2e-05,-1e-05,0.00025,0.00015,7e-05,0.00056,3,7
63374,3e-05,1e-05,0.00019,-7e-05,5e-05,0.00025,0.00024,6e-05,6,7
18872,6e-05,0.0,-0.00021,0.00035,-0.00011,6e-05,4e-05,3e-05,4,7
28562,-0.00025,0.0,-2e-05,1e-05,-0.00016,-3e-05,-2e-05,8e-05,5,7
18872,6e-05,0.0,-0.00021,0.00035,-0.00011,6e-05,4e-05,3e-05,4,7
63374,3e-05,1e-05,0.00019,-7e-05,5e-05,0.00025,0.00024,6e-05,6,7
28562,-0.00025,0.0,-2e-05,1e-05,-0.00016,-3e-05,-2e-05,8e-05,5,7
63374,3e-05,1e-05,0.00019,-7e-05,5e-05,0.00025,0.00024,6e-05,6,7
36215,-2e-05,-2e-05,1e-05,2e-05,-3e-05,-2e-05,-1e-05,0.0,1,8
35205,0.00093,0.00027,0.00026,-0.00064,0.0,0.00019,0.00069,0.0004,2,8
36215,-2e-05,-2e-05,1e-05,2e-05,-3e-05,-2e-05,-1e-05,0.0,1,8
41170,-7e-05,-0.00012,0.0,-9e-05,-7e-05,0.00021,0.00015,0.00034,3,8
36215,-2e-05,-2e-05,1e-05,2e-05,-3e-05,-2e-05,-1e-05,0.0,1,8
46601,0.00044,0.00028,0.00057,0.00028,0.00015,0.00016,-3e-05,0.00016,4,8
36215,-2e-05,-2e-05,1e-05,2e-05,-3e-05,-2e-05,-1e-05,0.0,1,8
24252,2e-05,-0.00018,0.0002,-3e-05,0.00016,0.00016,-5e-05,-1e-05,5,8
36215,-2e-05,-2e-05,1e-05,2e-05,-3e-05,-2e-05,-1e-05,0.0,1,8
60250,-4e-05,-5e-05,-3e-05,0.00014,-1e-05,-0.00041,-1e-05,-0.00048,6,8
35205,0.00093,0.00027,0.00026,-0.00064,0.0,0.00019,0.00069,0.0004,2,8
41170,-7e-05,-0.00012,0.0,-9e-05,-7e-05,0.00021,0.00015,0.00034,3,8
35205,0.00093,0.00027,0.00026,-0.00064,0.0,0.00019,0.00069,0.0004,2,8
46601,0.00044,0.00028,0.00057,0.00028,0.00015,0.00016,-3e-05,0.00016,4,8
35205,0.00093,0.00027,0.00026,-0.00064,0.0,0.00019,0.00069,0.0004,2,8
24252,2e-05,-0.00018,0.0002,-3e-05,0.00016,0.00016,-5e-05,-1e-05,5,8
35205,0.00093,0.00027,0.00026,-0.00064,0.0,0.00019,0.00069,0.0004,2,8
60250,-4e-05,-5e-05,-3e-05,0.00014,-1e-05,-0.00041,-1e-05,-0.00048,6,8
41170,-7e-05,-0.00012,0.0,-9e-05,-7e-05,0.00021,0.00015,0.00034,3,8
46601,0.00044,0.00028,0.00057,0.00028,0.00015,0.00016,-3e-05,0.00016,4,8
41170,-7e-05,-0.00012,0.0,-9e-05,-7e-05,0.00021,0.00015,0.00034,3,8
24252,2e-05,-0.00018,0.0002,-3e-05,0.00016,0.00016,-5e-05,-1e-05,5,8
41170,-7e-05,-0.00012,0.0,-9e-05,-7e-05,0.00021,0.00015,0.00034,3,8
60250,-4e-05,-5e-05,-3e-05,0.00014,-1e-05,-0.00041,-1e-05,-0.00048,6,8
46601,0.00044,0.00028,0.00057,0.00028,0.00015,0.00016,-3e-05,0.00016,4,8
24252,2e-05,-0.00018,0.0002,-3e-05,0.00016,0.00016,-5e-05,-1e-05,5,8
46601,0.00044,0.00028,0.00057,0.00028,0.00015,0.00016,-3e-05,0.00016,4,8
60250,-4e-05,-5e-05,-3e-05,0.00014,-1e-05,-0.00041,-1e-05,-0.00048,6,8
24252,2e-05,-0.00018,0.0002,-3e-05,0.00016,0.00016,-5e-05,-1e-05,5,8
60250,-4e-05,-5e-05,-3e-05,0.00014,-1e-05,-0.00041,-1e-05,-0.00048,6,8
33758,-1e-05,-2e-05,-2e-05,-4e-05,-2e-05,-1e-05,0.0,-3e-05,1,9
5305,0.00018,5e-05,0.0,2e-05,-3e-05,-0.00021,2e-05,0.00013,2,9
33758,-1e-05,-2e-05,-2e-05,-4e-05,-2e-05,-1e-05,0.0,-3e-05,1,9
45529,0.0002,5e-05,0.0,-1e-05,3e-05,-1e-05,-0.00012,-0.00032,3,9
33758,-1e-05,-2e-05,-2e-05,-4e-05,-2e-05,-1e-05,0.0,-3e-05,1,9
52121,2e-05,4e-05,6e-05,9e-05,0.00088,0.00017,9e-05,5e-05,4,9
33758,-1e-05,-2e-05,-2e-05,-4e-05,-2e-05,-1e-05,0.0,-3e-05,1,9
54933,-5e-05,-0.00013,-0.0001,-0.00026,-0.0002,-3e-05,0.0,-3e-05,5,9
33758,-1e-05,-2e-05,-2e-05,-4e-05,-2e-05,-1e-05,0.0,-3e-05,1,9
61269,3e-05,-3e-05,-6e-05,1e-05,0.00024,-0.00031,-0.0001,-7e-05,6,9
5305,0.00018,5e-05,0.0,2e-05,-3e-05,-0.00021,2e-05,0.00013,2,9
45529,0.0002,5e-05,0.0,-1e-05,3e-05,-1e-05,-0.00012,-0.00032,3,9
5305,0.00018,5e-05,0.0,2e-05,-3e-05,-0.00021,2e-05,0.00013,2,9
52121,2e-05,4e-05,6e-05,9e-05,0.00088,0.00017,9e-05,5e-05,4,9
5305,0.00018,5e-05,0.0,2e-05,-3e-05,-0.00021,2e-05,0.00013,2,9
54933,-5e-05,-0.00013,-0.0001,-0.00026,-0.0002,-3e-05,0.0,-3e-05,5,9
5305,0.00018,5e-05,0.0,2e-05,-3e-05,-0.00021,2e-05,0.00013,2,9
61269,3e-05,-3e-05,-6e-05,1e-05,0.00024,-0.00031,-0.0001,-7e-05,6,9
45529,0.0002,5e-05,0.0,-1e-05,3e-05,-1e-05,-0.00012,-0.00032,3,9
52121,2e-05,4e-05,6e-05,9e-05,0.00088,0.00017,9e-05,5e-05,4,9
45529,0.0002,5e-05,0.0,-1e-05,3e-05,-1e-05,-0.00012,-0.00032,3,9
54933,-5e-05,-0.00013,-0.0001,-0.00026,-0.0002,-3e-05,0.0,-3e-05,5,9
45529,0.0002,5e-05,0.0,-1e-05,3e-05,-1e-05,-0.00012,-0.00032,3,9
61269,3e-05,-3e-05,-6e-05,1e-05,0.00024,-0.00031,-0.0001,-7e-05,6,9
52121,2e-05,4e-05,6e-05,9e-05,0.00088,0.00017,9e-05,5e-05,4,9
54933,-5e-05,-0.00013,-0.0001,-0.00026,-0.0002,-3e-05,0.0,-3e-05,5,9
52121,2e-05,4e-05,6e-05,9e-05,0.00088,0.00017,9e-05,5e-05,4,9
61269,3e-05,-3e-05,-6e-05,1e-05,0.00024,-0.00031,-0.0001,-7e-05,6,9
54933,-5e-05,-0.00013,-0.0001,-0.00026,-0.0002,-3e-05,0.0,-3e-05,5,9
61269,3e-05,-3e-05,-6e-05,1e-05,0.00024,-0.00031,-0.0001,-7e-05,6,9
2516,1e-05,-3e-05,-5e-05,-3e-05,-5e-05,-2e-05,-2e-05,-1e-05,1,10
6334,0.00014,6e-05,7e-05,7e-05,0.0002,-0.0001,0.00019,0.00024,2,10
2516,1e-05,-3e-05,-5e-05,-3e-05,-5e-05,-2e-05,-2e-05,-1e-05,1,10
42833,-0.00016,-1e-05,-1e-05,6e-05,-0.00022,0.00017,0.0002,-0.00011,3,10
2516,1e-05,-3e-05,-5e-05,-3e-05,-5e-05,-2e-05,-2e-05,-1e-05,1,10
17407,-3e-05,-6e-05,-6e-05,-0.00012,0.00027,6e-05,-0.00018,-3e-05,4,10
2516,1e-05,-3e-05,-5e-05,-3e-05,-5e-05,-2e-05,-2e-05,-1e-05,1,10
54070,1e-05,-5e-05,-0.00011,-0.0003,0.00034,-2e-05,-6e-05,-1e-05,5,10
2516,1e-05,-3e-05,-5e-05,-3e-05,-5e-05,-2e-05,-2e-05,-1e-05,1,10
59365,4e-05,3e-05,5e-05,6e-05,0.00015,0.00029,8e-05,0.0,6,10
6334,0.00014,6e-05,7e-05,7e-05,0.0002,-0.0001,0.00019,0.00024,2,10
42833,-0.00016,-1e-05,-1e-05,6e-05,-0.00022,0.00017,0.0002,-0.00011,3,10
6334,0.00014,6e-05,7e-05,7e-05,0.0002,-0.0001,0.00019,0.00024,2,10
17407,-3e-05,-6e-05,-6e-05,-0.00012,0.00027,6e-05,-0.00018,-3e-05,4,10
6334,0.00014,6e-05,7e-05,7e-05,0.0002,-0.0001,0.00019,0.00024,2,10
54070,1e-05,-5e-05,-0.00011,-0.0003,0.00034,-2e-05,-6e-05,-1e-05,5,10
6334,0.00014,6e-05,7e-05,7e-05,0.0002,-0.0001,0.00019,0.00024,2,10
59365,4e-05,3e-05,5e-05,6e-05,0.00015,0.00029,8e-05,0.0,6,10
42833,-0.00016,-1e-05,-1e-05,6e-05,-0.00022,0.00017,0.0002,-0.00011,3,10
17407,-3e-05,-6e-05,-6e-05,-0.00012,0.00027,6e-05,-0.00018,-3e-05,4,10
42833,-0.00016,-1e-05,-1e-05,6e-05,-0.00022,0.00017,0.0002,-0.00011,3,10
54070,1e-05,-5e-05,-0.00011,-0.0003,0.00034,-2e-05,-6e-05,-1e-05,5,10
42833,-0.00016,-1e-05,-1e-05,6e-05,-0.00022,0.00017,0.0002,-0.00011,3,10
59365,4e-05,3e-05,5e-05,6e-05,0.00015,0.00029,8e-05,0.0,6,10
17407,-3e-05,-6e-05,-6e-05,-0.00012,0.00027,6e-05,-0.00018,-3e-05,4,10
54070,1e-05,-5e-05,-0.00011,-0.0003,0.00034,-2e-05,-6e-05,-1e-05,5,10
17407,-3e-05,-6e-05,-6e-05,-0.00012,0.00027,6e-05,-0.00018,-3e-05,4,10
59365,4e-05,3e-05,5e-05,6e-05,0.00015,0.00029,8e-05,0.0,6,10
54070,1e-05,-5e-05,-0.00011,-0.0003,0.00034,-2e-05,-6e-05,-1e-05,5,10
59365,4e-05,3e-05,5e-05,6e-05,0.00015,0.00029,8e-05,0.0,6,10
39692,0.0,0.0,1e-05,4e-05,-4e-05,-1e-05,-3e-05,1e-05,1,11
44182,-0.00099,-0.0001,-2e-05,-0.0008,-0.0001,0.00039,0.00027,-0.0002,2,11
39692,0.0,0.0,1e-05,4e-05,-4e-05,-1e-05,-3e-05,1e-05,1,11
11675,2e-05,-0.00019,-3e-05,-0.00013,0.00024,0.00016,-0.00026,0.00108,3,11
39692,0.0,0.0,1e-05,4e-05,-4e-05,-1e-05,-3e-05,1e-05,1,11
18798,-3e-05,-0.00012,-0.00012,0.00061,0.00084,-0.00039,-0.00017,-9e-05,4,11
39692,0.0,0.0,1e-05,4e-05,-4e-05,-1e-05,-3e-05,1e-05,1,11
62545,-0.00015,8e-05,0.0001,0.00016,0.00022,5e-05,7e-05,4e-05,5,11
39692,0.0,0.0,1e-05,4e-05,-4e-05,-1e-05,-3e-05,1e-05,1,11
31133,-0.00023,-2e-05,-1e-05,-3e-05,-0.00047,-0.00088,-6e-05,-0.00082,6,11
39692,0.0,0.0,1e-05,4e-05,-4e-05,-1e-05,-3e-05,1e-05,1,11
72167,-0.00034,0.0,4e-05,0.00013,4e-05,0.00031,1e-05,0.00069,7,11
44182,-0.00099,-0.0001,-2e-05,-0.0008,-0.0001,0.00039,0.00027,-0.0002,2,11
11675,2e-05,-0.00019,-3e-05,-0.00013,0.00024,0.00016,-0.00026,0.00108,3,11
44182,-0.00099,-0.0001,-2e-05,-0.0008,-0.0001,0.00039,0.00027,-0.0002,2,11
18798,-3e-05,-0.00012,-0.00012,0.00061,0.00084,-0.00039,-0.00017,-9e-05,4,11
44182,-0.00099,-0.0001,-2e-05,-0.0008,-0.0001,0.00039,0.00027,-0.0002,2,11
62545,-0.00015,8e-05,0.0001,0.00016,0.00022,5e-05,7e-05,4e-05,5,11
44182,-0.00099,-0.0001,-2e-05,-0.0008,-0.0001,0.00039,0.00027,-0.0002,2,11
31133,-0.00023,-2e-05,-1e-05,-3e-05,-0.00047,-0.00088,-6e-05,-0.00082,6,11
44182,-0.00099,-0.0001,-2e-05,-0.0008,-0.0001,0.00039,0.00027,-0.0002,2,11
72167,-0.00034,0.0,4e-05,0.00013,4e-05,0.00031,1e-05,0.00069,7,11
11675,2e-05,-0.00019,-3e-05,-0.00013,0.00024,0.00016,-0.00026,0.00108,3,11
18798,-3e-05,-0.00012,-0.00012,0.00061,0.00084,-0.00039,-0.00017,-9e-05,4,11
11675,2e-05,-0.00019,-3e-05,-0.00013,0.00024,0.00016,-0.00026,0.00108,3,11
62545,-0.00015,8e-05,0.0001,0.00016,0.00022,5e-05,7e-05,4e-05,5,11
11675,2e-05,-0.00019,-3e-05,-0.00013,0.00024,0.00016,-0.00026,0.00108,3,11
31133,-0.00023,-2e-05,-1e-05,-3e-05,-0.00047,-0.00088,-6e-05,-0.00082,6,11
11675,2e-05,-0.00019,-3e-05,-0.00013,0.00024,0.00016,-0.00026,0.00108,3,11
72167,-0.00034,0.0,4e-05,0.00013,4e-05,0.00031,1e-05,0.00069,7,11
18798,-3e-05,-0.00012,-0.00012,0.00061,0.00084,-0.00039,-0.00017,-9e-05,4,11
62545,-0.00015,8e-05,0.0001,0.00016,0.00022,5e-05,7e-05,4e-05,5,11
18798,-3e-05,-0.00012,-0.00012,0.00061,0.00084,-0.00039,-0.00017,-9e-05,4,11
31133,-0.00023,-2e-05,-1e-05,-3e-05,-0.00047,-0.00088,-6e-05,-0.00082,6,11
18798,-3e-05,-0.00012,-0.00012,0.00061,0.00084,-0.00039,-0.00017,-9e-05,4,11
72167,-0.00034,0.0,4e-05,0.00013,4e-05,0.00031,1e-05,0.00069,7,11
62545,-0.00015,8e-05,0.0001,0.00016,0.00022,5e-05,7e-05,4e-05,5,11
31133,-0.00023,-2e-05,-1e-05,-3e-05,-0.00047,-0.00088,-6e-05,-0.00082,6,11
62545,-0.00015,8e-05,0.0001,0.00016,0.00022,5e-05,7e-05,4e-05,5,11
72167,-0.00034,0.0,4e-05,0.00013,4e-05,0.00031,1e-05,0.00069,7,11
31133,-0.00023,-2e-05,-1e-05,-3e-05,-0.00047,-0.00088,-6e-05,-0.00082,6,11
72167,-0.00034,0.0,4e-05,0.00013,4e-05,0.00031,1e-05,0.00069,7,11
2594,0.0,3e-05,-1e-05,-2e-05,1e-05,-1e-05,-2e-05,0.0,1,12
6611,0.0,-0.0001,0.0,3e-05,2e-05,-5e-05,-1e-05,2e-05,2,12
2594,0.0,3e-05,-1e-05,-2e-05,1e-05,-1e-05,-2e-05,0.0,1,12
45228,-5e-05,0.00014,1e-05,-3e-05,0.0001,1e-05,5e-05,-0.00017,3,12
2594,0.0,3e-05,-1e-05,-2e-05,1e-05,-1e-05,-2e-05,0.0,1,12
18039,-4e-05,1e-05,-1e-05,-2e-05,-0.00058,0.0001,2e-05,2e-05,4,12
2594,0.0,3e-05,-1e-05,-2e-05,1e-05,-1e-05,-2e-05,0.0,1,12
27496,3e-05,1e-05,-3e-05,-0.00043,-0.00045,-1e-05,7e-05,3e-05,5,12
2594,0.0,3e-05,-1e-05,-2e-05,1e-05,-1e-05,-2e-05,0.0,1,12
64113,8e-05,-1e-05,0.0,1e-05,2e-05,0.00028,8e-05,0.00028,6,12
6611,0.0,-0.0001,0.0,3e-05,2e-05,-5e-05,-1e-05,2e-05,2,12
45228,-5e-05,0.00014,1e-05,-3e-05,0.0001,1e-05,5e-05,-0.00017,3,12
6611,0.0,-0.0001,0.0,3e-05,2e-05,-5e-05,-1e-05,2e-05,2,12
18039,-4e-05,1e-05,-1e-05,-2e-05,-0.00058,0.0001,2e-05,2e-05,4,12
6611,0.0,-0.0001,0.0,3e-05,2e-05,-5e-05,-1e-05,2e-05,2,12
27496,3e-05,1e-05,-3e-05,-0.00043,-0.00045,-1e-05,7e-05,3e-05,5,12
6611,0.0,-0.0001,0.0,3e-05,2e-05,-5e-05,-1e-05,2e-05,2,12
64113,8e-05,-1e-05,0.0,1e-05,2e-05,0.00028,8e-05,0.00028,6,12
45228,-5e-05,0.00014,1e-05,-3e-05,0.0001,1e-05,5e-05,-0.00017,3,12
18039,-4e-05,1e-05,-1e-05,-2e-05,-0.00058,0.0001,2e-05,2e-05,4,12
45228,-5e-05,0.00014,1e-05,-3e-05,0.0001,1e-05,5e-05,-0.00017,3,12
27496,3e-05,1e-05,-3e-05,-0.00043,-0.00045,-1e-05,7e-05,3e-05,5,12
45228,-5e-05,0.00014,1e-05,-3e-05,0.0001,1e-05,5e-05,-0.00017,3,12
64113,8e-05,-1e-05,0.0,1e-05,2e-05,0.00028,8e-05,0.00028,6,12
18039,-4e-05,1e-05,-1e-05,-2e-05,-0.00058,0.0001,2e-05,2e-05,4,12
27496,3e-05,1e-05,-3e-05,-0.00043,-0.00045,-1e-05,7e-05,3e-05,5,12
18039,-4e-05,1e-05,-1e-05,-2e-05,-0.00058,0.0001,2e-05,2e-05,4,12
64113,8e-05,-1e-05,0.0,1e-05,2e-05,0.00028,8e-05,0.00028,6,12
27496,3e-05,1e-05,-3e-05,-0.00043,-0.00045,-1e-05,7e-05,3e-05,5,12
64113,8e-05,-1e-05,0.0,1e-05,2e-05,0.00028,8e-05,0.00028,6,12
39584,2e-05,2e-05,1e-05,-4e-05,-0.00022,-2e-05,0.0,1e-05,1,13
7138,-0.00038,-0.0001,7e-05,-0.00022,-0.00039,-0.00044,-0.00038,-0.00057,2,13
39584,2e-05,2e-05,1e-05,-4e-05,-0.00022,-2e-05,0.0,1e-05,1,13
52938,0.00024,2e-05,3e-05,3e-05,-0.00013,4e-05,0.00022,0.00021,3,13
39584,2e-05,2e-05,1e-05,-4e-05,-0.00022,-2e-05,0.0,1e-05,1,13
61571,-5e-05,-3e-05,0.00012,3e-05,-0.00064,0.00017,6e-05,-4e-05,4,13
39584,2e-05,2e-05,1e-05,-4e-05,-0.00022,-2e-05,0.0,1e-05,1,13
65619,0.0,-0.00013,-0.00017,0.00035,0.00021,0.00014,9e-05,-7e-05,5,13
39584,2e-05,2e-05,1e-05,-4e-05,-0.00022,-2e-05,0.0,1e-05,1,13
35429,4e-05,3e-05,-2e-05,-0.0004,-0.0007,-8e-05,3e-05,2e-05,6,13
7138,-0.00038,-0.0001,7e-05,-0.00022,-0.00039,-0.00044,-0.00038,-0.00057,2,13
52938,0.00024,2e-05,3e-05,3e-05,-0.00013,4e-05,0.00022,0.00021,3,13
7138,-0.00038,-0.0001,7e-05,-0.00022,-0.00039,-0.00044,-0.00038,-0.00057,2,13
61571,-5e-05,-3e-05,0.00012,3e-05,-0.00064,0.00017,6e-05,-4e-05,4,13
7138,-0.00038,-0.0001,7e-05,-0.00022,-0.00039,-0.00044,-0.00038,-0.00057,2,13
65619,0.0,-0.00013,-0.00017,0.00035,0.00021,0.00014,9e-05,-7e-05,5,13
7138,-0.00038,-0.0001,7e-05,-0.00022,-0.00039,-0.00044,-0.00038,-0.00057,2,13
35429,4e-05,3e-05,-2e-05,-0.0004,-0.0007,-8e-05,3e-05,2e-05,6,13
52938,0.00024,2e-05,3e-05,3e-05,-0.00013,4e-05,0.00022,0.00021,3,13
61571,-5e-05,-3e-05,0.00012,3e-05,-0.00064,0.00017,6e-05,-4e-05,4,13
52938,0.00024,2e-05,3e-05,3e-05,-0.00013,4e-05,0.00022,0.00021,3,13
65619,0.0,-0.00013,-0.00017,0.00035,0.00021,0.00014,9e-05,-7e-05,5,13
52938,0.00024,2e-05,3e-05,3e-05,-0.00013,4e-05,0.00022,0.00021,3,13
35429,4e-05,3e-05,-2e-05,-0.0004,-0.0007,-8e-05,3e-05,2e-05,6,13
61571,-5e-05,-3e-05,0.00012,3e-05,-0.00064,0.00017,6e-05,-4e-05,4,13
65619,0.0,-0.00013,-0.00017,0.00035,0.00021,0.00014,9e-05,-7e-05,5,13
61571,-5e-05,-3e-05,0.00012,3e-05,-0.00064,0.00017,6e-05,-4e-05,4,13
35429,4e-05,3e-05,-2e-05,-0.0004,-0.0007,-8e-05,3e-05,2e-05,6,13
65619,0.0,-0.00013,-0.00017,0.00035,0.00021,0.00014,9e-05,-7e-05,5,13
35429,4e-05,3e-05,-2e-05,-0.0004,-0.0007,-8e-05,3e-05,2e-05,6,13
1702,0.0,0.0,1e-05,-5e-05,1e-05,-2e-05,-1e-05,-2e-05,1,14
6873,7e-05,3e-05,-5e-05,0.00053,-0.00015,-2e-05,2e-05,-3e-05,2,14
1702,0.0,0.0,1e-05,-5e-05,1e-05,-2e-05,-1e-05,-2e-05,1,14
39707,1e-05,-4e-05,2e-05,0.0,-0.00018,-4e-05,0.00025,7e-05,3,14
1702,0.0,0.0,1e-05,-5e-05,1e-05,-2e-05,-1e-05,-2e-05,1,14
39673,-7e-05,-2e-05,-0.00013,-0.00057,0.00031,0.00041,3e-05,0.0,4,14
1702,0.0,0.0,1e-05,-5e-05,1e-05,-2e-05,-1e-05,-2e-05,1,14
43159,2e-05,-9e-05,-3e-05,2e-05,0.0,5e-05,-2e-05,-2e-05,5,14
1702,0.0,0.0,1e-05,-5e-05,1e-05,-2e-05,-1e-05,-2e-05,1,14
47718,0.0002,9e-05,9e-05,0.00011,0.00023,0.00018,0.00044,0.00067,6,14
6873,7e-05,3e-05,-5e-05,0.00053,-0.00015,-2e-05,2e-05,-3e-05,2,14
39707,1e-05,-4e-05,2e-05,0.0,-0.00018,-4e-05,0.00025,7e-05,3,14
6873,7e-05,3e-05,-5e-05,0.00053,-0.00015,-2e-05,2e-05,-3e-05,2,14
39673,-7e-05,-2e-05,-0.00013,-0.00057,0.00031,0.00041,3e-05,0.0,4,14
6873,7e-05,3e-05,-5e-05,0.00053,-0.00015,-2e-05,2e-05,-3e-05,2,14
43159,2e-05,-9e-05,-3e-05,2e-05,0.0,5e-05,-2e-05,-2e-05,5,14
6873,7e-05,3e-05,-5e-05,0.00053,-0.00015,-2e-05,2e-05,-3e-05,2,14
47718,0.0002,9e-05,9e-05,0.00011,0.00023,0.00018,0.00044,0.00067,6,14
39707,1e-05,-4e-05,2e-05,0.0,-0.00018,-4e-05,0.00025,7e-05,3,14
39673,-7e-05,-2e-05,-0.00013,-0.00057,0.00031,0.00041,3e-05,0.0,4,14
39707,1e-05,-4e-05,2e-05,0.0,-0.00018,-4e-05,0.00025,7e-05,3,14
43159,2e-05,-9e-05,-3e-05,2e-05,0.0,5e-05,-2e-05,-2e-05,5,14
39707,1e-05,-4e-05,2e-05,0.0,-0.00018,-4e-05,0.00025,7e-05,3,14
47718,0.0002,9e-05,9e-05,0.00011,0.00023,0.00018,0.00044,0.00067,6,14
39673,-7e-05,-2e-05,-0.00013,-0.00057,0.00031,0.00041,3e-05,0.0,4,14
43159,2e-05,-9e-05,-3e-05,2e-05,0.0,5e-05,-2e-05,-2e-05,5,14
39673,-7e-05,-2e-05,-0.00013,-0.00057,0.00031,0.00041,3e-05,0.0,4,14
47718,0.0002,9e-05,9e-05,0.00011,0.00023,0.00018,0.00044,0.00067,6,14
43159,2e-05,-9e-05,-3e-05,2e-05,0.0,5e-05,-2e-05,-2e-05,5,14
47718,0.0002,9e-05,9e-05,0.00011,0.00023,0.00018,0.00044,0.00067,6,14
28603,0.0,0.0,-1e-05,0.0,1e-05,-1e-05,0.0,-1e-05,1,15
4747,0.00016,-0.00036,0.0,-5e-05,-0.0004,-2e-05,-0.00046,-0.00067,2,15
28603,0.0,0.0,-1e-05,0.0,1e-05,-1e-05,0.0,-1e-05,1,15
39968,-0.00022,-0.00076,-0.00024,-9e-05,8e-05,0.0001,-5e-05,-0.0001,3,15
28603,0.0,0.0,-1e-05,0.0,1e-05,-1e-05,0.0,-1e-05,1,15
14872,-1e-05,0.0,1e-05,4e-05,-0.00067,0.00093,0.00015,6e-05,4,15
28603,0.0,0.0,-1e-05,0.0,1e-05,-1e-05,0.0,-1e-05,1,15
49521,4e-05,0.00014,3e-05,0.00015,6e-05,0.00011,0.00015,4e-05,5,15
28603,0.0,0.0,-1e-05,0.0,1e-05,-1e-05,0.0,-1e-05,1,15
22989,2e-05,2e-05,1e-05,7e-05,0.00021,-0.00024,3e-05,0.00045,6,15
4747,0.00016,-0.00036,0.0,-5e-05,-0.0004,-2e-05,-0.00046,-0.00067,2,15
39968,-0.00022,-0.00076,-0.00024,-9e-05,8e-05,0.0001,-5e-05,-0.0001,3,15
4747,0.00016,-0.00036,0.0,-5e-05,-0.0004,-2e-05,-0.00046,-0.00067,2,15
14872,-1e-05,0.0,1e-05,4e-05,-0.00067,0.00093,0.00015,6e-05,4,15
4747,0.00016,-0.00036,0.0,-5e-05,-0.0004,-2e-05,-0.00046,-0.00067,2,15
49521,4e-05,0.00014,3e-05,0.00015,6e-05,0.00011,0.00015,4e-05,5,15
4747,0.00016,-0.00036,0.0,-5e-05,-0.0004,-2e-05,-0.00046,-0.00067,2,15
22989,2e-05,2e-05,1e-05,7e-05,0.00021,-0.00024,3e-05,0.00045,6,15
39968,-0.00022,-0.00076,-0.00024,-9e-05,8e-05,0.0001,-5e-05,-0.0001,3,15
14872,-1e-05,0.0,1e-05,4e-05,-0.00067,0.00093,0.00015,6e-05,4,15
39968,-0.00022,-0.00076,-0.00024,-9e-05,8e-05,0.0001,-5e-05,-0.0001,3,15
49521,4e-05,0.00014,3e-05,0.00015,6e-05,0.00011,0.00015,4e-05,5,15
39968,-0.00022,-0.00076,-0.00024,-9e-05,8e-05,0.0001,-5e-05,-0.0001,3,15
22989,2e-05,2e-05,1e-05,7e-05,0.00021,-0.00024,3e-05,0.00045,6,15
14872,-1e-05,0.0,1e-05,4e-05,-0.00067,0.00093,0.00015,6e-05,4,15
49521,4e-05,0.00014,3e-05,0.00015,6e-05,0.00011,0.00015,4e-05,5,15
14872,-1e-05,0.0,1e-05,4e-05,-0.00067,0.00093,0.00015,6e-05,4,15
22989,2e-05,2e-05,1e-05,7e-05,0.00021,-0.00024,3e-05,0.00045,6,15
49521,4e-05,0.00014,3e-05,0.00015,6e-05,0.00011,0.00015,4e-05,5,15
22989,2e-05,2e-05,1e-05,7e-05,0.00021,-0.00024,3e-05,0.00045,6,15
1841,0.0,-2e-05,-3e-05,-1e-05,-1e-05,1e-05,0.0,0.0,1,16
36020,-3e-05,-7e-05,-1e-05,-0.00018,-0.00031,-0.00035,-0.00013,-6e-05,2,16
1841,0.0,-2e-05,-3e-05,-1e-05,-1e-05,1e-05,0.0,0.0,1,16
9393,0.00021,0.00011,0.0,-2e-05,9e-05,6e-05,-5e-05,0.0,3,16
1841,0.0,-2e-05,-3e-05,-1e-05,-1e-05,1e-05,0.0,0.0,1,16
14120,3e-05,1e-05,1e-05,0.00015,0.00034,-0.00015,-7e-05,-1e-05,4,16
1841,0.0,-2e-05,-3e-05,-1e-05,-1e-05,1e-05,0.0,0.0,1,16
21923,2e-05,2e-05,-8e-05,-0.0001,0.00024,1e-05,1e-05,3e-05,5,16
1841,0.0,-2e-05,-3e-05,-1e-05,-1e-05,1e-05,0.0,0.0,1,16
54468,-0.00014,4e-05,4e-05,2e-05,1e-05,0.0,-6e-05,-0.00015,6,16
36020,-3e-05,-7e-05,-1e-05,-0.00018,-0.00031,-0.00035,-0.00013,-6e-05,2,16
9393,0.00021,0.00011,0.0,-2e-05,9e-05,6e-05,-5e-05,0.0,3,16
36020,-3e-05,-7e-05,-1e-05,-0.00018,-0.00031,-0.00035,-0.00013,-6e-05,2,16
14120,3e-05,1e-05,1e-05,0.00015,0.00034,-0.00015,-7e-05,-1e-05,4,16
36020,-3e-05,-7e-05,-1e-05,-0.00018,-0.00031,-0.00035,-0.00013,-6e-05,2,16
21923,2e-05,2e-05,-8e-05,-0.0001,0.00024,1e-05,1e-05,3e-05,5,16
36020,-3e-05,-7e-05,-1e-05,-0.00018,-0.00031,-0.00035,-0.00013,-6e-05,2,16
54468,-0.00014,4e-05,4e-05,2e-05,1e-05,0.0,-6e-05,-0.00015,6,16
9393,0.00021,0.00011,0.0,-2e-05,9e-05,6e-05,-5e-05,0.0,3,16
14120,3e-05,1e-05,1e-05,0.00015,0.00034,-0.00015,-7e-05,-1e-05,4,16
9393,0.00021,0.00011,0.0,-2e-05,9e-05,6e-05,-5e-05,0.0,3,16
21923,2e-05,2e-05,-8e-05,-0.0001,0.00024,1e-05,1e-05,3e-05,5,16
9393,0.00021,0.00011,0.0,-2e-05,9e-05,6e-05,-5e-05,0.0,3,16
54468,-0.00014,4e-05,4e-05,2e-05,1e-05,0.0,-6e-05,-0.00015,6,16
14120,3e-05,1e-05,1e-05,0.00015,0.00034,-0.00015,-7e-05,-1e-05,4,16
21923,2e-05,2e-05,-8e-05,-0.0001,0.00024,1e-05,1e-05,3e-05,5,16
14120,3e-05,1e-05,1e-05,0.00015,0.00034,-0.00015,-7e-05,-1e-05,4,16
54468,-0.00014,4e-05,4e-05,2e-05,1e-05,0.0,-6e-05,-0.00015,6,16
21923,2e-05,2e-05,-8e-05,-0.0001,0.00024,1e-05,1e-05,3e-05,5,16
54468,-0.00014,4e-05,4e-05,2e-05,1e-05,0.0,-6e-05,-0.00015,6,16
36962,-1e-05,1e-05,8e-05,2e-05,0.0,-3e-05,-2e-05,0.0,1,17
5404,-1e-05,0.0,-4e-05,2e-05,-2e-05,-1e-05,8e-05,2e-05,2,17
36962,-1e-05,1e-05,8e-05,2e-05,0.0,-3e-05,-2e-05,0.0,1,17
14276,0.00017,0.00018,8e-05,1e-05,-0.0002,-0.00014,-0.00018,-0.00036,3,17
36962,-1e-05,1e-05,8e-05,2e-05,0.0,-3e-05,-2e-05,0.0,1,17
20674,-4e-05,-5e-05,-6e-05,-0.00033,-0.00079,-0.00021,-2e-05,3e-05,4,17
36962,-1e-05,1e-05,8e-05,2e-05,0.0,-3e-05,-2e-05,0.0,1,17
59708,0.0,-2e-05,-0.00011,-0.00028,-0.00023,-0.00011,-7e-05,-6e-05,5,17
36962,-1e-05,1e-05,8e-05,2e-05,0.0,-3e-05,-2e-05,0.0,1,17
31696,0.0,-5e-05,-2e-05,2e-05,0.00013,3e-05,0.0,-0.00021,6,17
5404,-1e-05,0.0,-4e-05,2e-05,-2e-05,-1e-05,8e-05,2e-05,2,17
14276,0.00017,0.00018,8e-05,1e-05,-0.0002,-0.00014,-0.00018,-0.00036,3,17
5404,-1e-05,0.0,-4e-05,2e-05,-2e-05,-1e-05,8e-05,2e-05,2,17
20674,-4e-05,-5e-05,-6e-05,-0.00033,-0.00079,-0.00021,-2e-05,3e-05,4,17
5404,-1e-05,0.0,-4e-05,2e-05,-2e-05,-1e-05,8e-05,2e-05,2,17
59708,0.0,-2e-05,-0.00011,-0.00028,-0.00023,-0.00011,-7e-05,-6e-05,5,17
5404,-1e-05,0.0,-4e-05,2e-05,-2e-05,-1e-05,8e-05,2e-05,2,17
31696,0.0,-5e-05,-2e-05,2e-05,0.00013,3e-05,0.0,-0.00021,6,17
14276,0.00017,0.00018,8e-05,1e-05,-0.0002,-0.00014,-0.00018,-0.00036,3,17
20674,-4e-05,-5e-05,-6e-05,-0.00033,-0.00079,-0.00021,-2e-05,3e-05,4,17
14276,0.00017,0.00018,8e-05,1e-05,-0.0002,-0.00014,-0.00018,-0.00036,3,17
59708,0.0,-2e-05,-0.00011,-0.00028,-0.00023,-0.00011,-7e-05,-6e-05,5,17
14276,0.00017,0.00018,8e-05,1e-05,-0.0002,-0.00014,-0.00018,-0.00036,3,17
31696,0.0,-5e-05,-2e-05,2e-05,0.00013,3e-05,0.0,-0.00021,6,17
20674,-4e-05,-5e-05,-6e-05,-0.00033,-0.00079,-0.00021,-2e-05,3e-05,4,17
59708,0.0,-2e-05,-0.00011,-0.00028,-0.00023,-0.00011,-7e-05,-6e-05,5,17
20674,-4e-05,-5e-05,-6e-05,-0.00033,-0.00079,-0.00021,-2e-05,3e-05,4,17
31696,0.0,-5e-05,-2e-05,2e-05,0.00013,3e-05,0.0,-0.00021,6,17
59708,0.0,-2e-05,-0.00011,-0.00028,-0.00023,-0.00011,-7e-05,-6e-05,5,17
31696,0.0,-5e-05,-2e-05,2e-05,0.00013,3e-05,0.0,-0.00021,6,17
3334,-4e-05,-4e-05,1e-05,-3e-05,-4e-05,-3e-05,-2e-05,-1e-05,1,18
5358,0.00018,0.0,3e-05,-0.00051,-6e-05,0.00012,-0.00014,1e-05,2,18
3334,-4e-05,-4e-05,1e-05,-3e-05,-4e-05,-3e-05,-2e-05,-1e-05,1,18
12265,-1e-05,3e-05,2e-05,-2e-05,-4e-05,-0.00019,7e-05,-0.00021,3,18
3334,-4e-05,-4e-05,1e-05,-3e-05,-4e-05,-3e-05,-2e-05,-1e-05,1,18
16683,-4e-05,-4e-05,-3e-05,0.00017,0.0004,-0.00015,-0.0001,-6e-05,4,18
3334,-4e-05,-4e-05,1e-05,-3e-05,-4e-05,-3e-05,-2e-05,-1e-05,1,18
59606,-9e-05,-0.0002,6e-05,0.00029,-0.00011,-7e-05,-4e-05,-1e-05,5,18
3334,-4e-05,-4e-05,1e-05,-3e-05,-4e-05,-3e-05,-2e-05,-1e-05,1,18
65883,-4e-05,-3e-05,2e-05,-4e-05,4e-05,-0.00087,9e-05,8e-05,6,18
5358,0.00018,0.0,3e-05,-0.00051,-6e-05,0.00012,-0.00014,1e-05,2,18
12265,-1e-05,3e-05,2e-05,-2e-05,-4e-05,-0.00019,7e-05,-0.00021,3,18
5358,0.00018,0.0,3e-05,-0.00051,-6e-05,0.00012,-0.00014,1e-05,2,18
16683,-4e-05,-4e-05,-3e-05,0.00017,0.0004,-0.00015,-0.0001,-6e-05,4,18
5358,0.00018,0.0,3e-05,-0.00051,-6e-05,0.00012,-0.00014,1e-05,2,18
59606,-9e-05,-0.0002,6e-05,0.00029,-0.00011,-7e-05,-4e-05,-1e-05,5,18
5358,0.00018,0.0,3e-05,-0.00051,-6e-05,0.00012,-0.00014,1e-05,2,18
65883,-4e-05,-3e-05,2e-05,-4e-05,4e-05,-0.00087,9e-05,8e-05,6,18
12265,-1e-05,3e-05,2e-05,-2e-05,-4e-05,-0.00019,7e-05,-0.00021,3,18
16683,-4e-05,-4e-05,-3e-05,0.00017,0.0004,-0.00015,-0.0001,-6e-05,4,18
12265,-1e-05,3e-05,2e-05,-2e-05,-4e-05,-0.00019,7e-05,-0.00021,3,18
59606,-9e-05,-0.0002,6e-05,0.00029,-0.00011,-7e-05,-4e-05,-1e-05,5,18
12265,-1e-05,3e-05,2e-05,-2e-05,-4e-05,-0.00019,7e-05,-0.00021,3,18
65883,-4e-05,-3e-05,2e-05,-4e-05,4e-05,-0.00087,9e-05,8e-05,6,18
16683,-4e-05,-4e-05,-3e-05,0.00017,0.0004,-0.00015,-0.0001,-6e-05,4,18
59606,-9e-05,-0.0002,6e-05,0.00029,-0.00011,-7e-05,-4e-05,-1e-05,5,18
16683,-4e-05,-4e-05,-3e-05,0.00017,0.0004,-0.00015,-0.0001,-6e-05,4,18
65883,-4e-05,-3e-05,2e-05,-4e-05,4e-05,-0.00087,9e-05,8e-05,6,18
59606,-9e-05,-0.0002,6e-05,0.00029,-0.00011,-7e-05,-4e-05,-1e-05,5,18
65883,-4e-05,-3e-05,2e-05,-4e-05,4e-05,-0.00087,9e-05,8e-05,6,18
1581,-2e-05,1e-05,-2e-05,-1e-05,4e-05,-2e-05,0.0,-1e-05,1,19
5273,-2e-05,-5e-05,-0.00013,2e-05,8e-05,0.00038,7e-05,-4e-05,2,19
1581,-2e-05,1e-05,-2e-05,-1e-05,4e-05,-2e-05,0.0,-1e-05,1,19
12306,1e-05,3e-05,6e-05,7e-05,5e-05,0.0001,5e-05,-8e-05,3,19
1581,-2e-05,1e-05,-2e-05,-1e-05,4e-05,-2e-05,0.0,-1e-05,1,19
17554,-3e-05,5e-05,0.0001,0.00019,8e-05,7e-05,-3e-05,-2e-05,4,19
1581,-2e-05,1e-05,-2e-05,-1e-05,4e-05,-2e-05,0.0,-1e-05,1,19
52857,-8e-05,-3e-05,-0.00017,-0.00039,-8e-05,3e-05,-2e-05,-0.0001,5,19
1581,-2e-05,1e-05,-2e-05,-1e-05,4e-05,-2e-05,0.0,-1e-05,1,19
49772,-0.00016,1e-05,6e-05,0.00022,0.00061,7e-05,0.00014,3e-05,6,19
5273,-2e-05,-5e-05,-0.00013,2e-05,8e-05,0.00038,7e-05,-4e-05,2,19
12306,1e-05,3e-05,6e-05,7e-05,5e-05,0.0001,5e-05,-8e-05,3,19
5273,-2e-05,-5e-05,-0.00013,2e-05,8e-05,0.00038,7e-05,-4e-05,2,19
17554,-3e-05,5e-05,0.0001,0.00019,8e-05,7e-05,-3e-05,-2e-05,4,19
5273,-2e-05,-5e-05,-0.00013,2e-05,8e-05,0.00038,7e-05,-4e-05,2,19
52857,-8e-05,-3e-05,-0.00017,-0.00039,-8e-05,3e-05,-2e-05,-0.0001,5,19
5273,-2e-05,-5e-05,-0.00013,2e-05,8e-05,0.00038,7e-05,-4e-05,2,19
49772,-0.00016,1e-05,6e-05,0.00022,0.00061,7e-05,0.00014,3e-05,6,19
12306,1e-05,3e-05,6e-05,7e-05,5e-05,0.0001,5e-05,-8e-05,3,19
17554,-3e-05,5e-05,0.0001,0.00019,8e-05,7e-05,-3e-05,-2e-05,4,19
12306,1e-05,3e-05,6e-05,7e-05,5e-05,0.0001,5e-05,-8e-05,3,19
52857,-8e-05,-3e-05,-0.00017,-0.00039,-8e-05,3e-05,-2e-05,-0.0001,5,19
12306,1e-05,3e-05,6e-05,7e-05,5e-05,0.0001,5e-05,-8e-05,3,19
49772,-0.00016,1e-05,6e-05,0.00022,0.00061,7e-05,0.00014,3e-05,6,19
17554,-3e-05,5e-05,0.0001,0.00019,8e-05,7e-05,-3e-05,-2e-05,4,19
52857,-8e-05,-3e-05,-0.00017,-0.00039,-8e-05,3e-05,-2e-05,-0.0001,5,19
17554,-3e-05,5e-05,0.0001,0.00019,8e-05,7e-05,-3e-05,-2e-05,4,19
49772,-0.00016,1e-05,6e-05,0.00022,0.00061,7e-05,0.00014,3e-05,6,19
52857,-8e-05,-3e-05,-0.00017,-0.00039,-8e-05,3e-05,-2e-05,-0.0001,5,19
49772,-0.00016,1e-05,6e-05,0.00022,0.00061,7e-05,0.00014,3e-05,6,19
36659,-2e-05,-4e-05,-1e-05,-2e-05,-2e-05,-2e-05,-2e-05,0.0,1,20
9257,0.0003,-0.00013,-0.00065,-0.00074,0.00023,-0.00023,0.0003,-0.0001,2,20
36659,-2e-05,-4e-05,-1e-05,-2e-05,-2e-05,-2e-05,-2e-05,0.0,1,20
46835,-0.00044,-0.00012,-0.00014,-0.00018,-0.00042,-0.0003,-0.00042,0.00041,3,20
36659,-2e-05,-4e-05,-1e-05,-2e-05,-2e-05,-2e-05,-2e-05,0.0,1,20
19682,-5e-05,-7e-05,-0.00024,0.00076,0.00022,0.00073,-3e-05,-6e-05,4,20
36659,-2e-05,-4e-05,-1e-05,-2e-05,-2e-05,-2e-05,-2e-05,0.0,1,20
25070,-0.0001,-5e-05,-0.00015,0.00018,-0.00018,-4e-05,-3e-05,-4e-05,5,20
36659,-2e-05,-4e-05,-1e-05,-2e-05,-2e-05,-2e-05,-2e-05,0.0,1,20
33096,0.00019,8e-05,8e-05,-0.00013,-0.00058,-0.00028,-0.00049,0.00019,6,20
9257,0.0003,-0.00013,-0.00065,-0.00074,0.00023,-0.00023,0.0003,-0.0001,2,20
46835,-0.00044,-0.00012,-0.00014,-0.00018,-0.00042,-0.0003,-0.00042,0.00041,3,20
9257,0.0003,-0.00013,-0.00065,-0.00074,0.00023,-0.00023,0.0003,-0.0001,2,20
19682,-5e-05,-7e-05,-0.00024,0.00076,0.00022,0.00073,-3e-05,-6e-05,4,20
9257,0.0003,-0.00013,-0.00065,-0.00074,0.00023,-0.00023,0.0003,-0.0001,2,20
25070,-0.0001,-5e-05,-0.00015,0.00018,-0.00018,-4e-05,-3e-05,-4e-05,5,20
9257,0.0003,-0.00013,-0.00065,-0.00074,0.00023,-0.00023,0.0003,-0.0001,2,20
33096,0.00019,8e-05,8e-05,-0.00013,-0.00058,-0.00028,-0.00049,0.00019,6,20
46835,-0.00044,-0.00012,-0.00014,-0.00018,-0.00042,-0.0003,-0.00042,0.00041,3,20
19682,-5e-05,-7e-05,-0.00024,0.00076,0.00022,0.00073,-3e-05,-6e-05,4,20
46835,-0.00044,-0.00012,-0.00014,-0.00018,-0.00042,-0.0003,-0.00042,0.00041,3,20
25070,-0.0001,-5e-05,-0.00015,0.00018,-0.00018,-4e-05,-3e-05,-4e-05,5,20
46835,-0.00044,-0.00012,-0.00014,-0.00018,-0.00042,-0.0003,-0.00042,0.00041,3,20
33096,0.00019,8e-05,8e-05,-0.00013,-0.00058,-0.00028,-0.00049,0.00019,6,20
19682,-5e-05,-7e-05,-0.00024,0.00076,0.00022,0.00073,-3e-05,-6e-05,4,20
25070,-0.0001,-5e-05,-0.00015,0.00018,-0.00018,-4e-05,-3e-05,-4e-05,5,20
19682,-5e-05,-7e-05,-0.00024,0.00076,0.00022,0.00073,-3e-05,-6e-05,4,20
33096,0.00019,8e-05,8e-05,-0.00013,-0.00058,-0.00028,-0.00049,0.00019,6,20
25070,-0.0001,-5e-05,-0.00015,0.00018,-0.00018,-4e-05,-3e-05,-4e-05,5,20
33096,0.00019,8e-05,8e-05,-0.00013,-0.00058,-0.00028,-0.00049,0.00019,6,20
2600,-3e-05,-2e-05,-2e-05,-2e-05,-2e-05,-3e-05,-1e-05,-2e-05,1,21
41046,0.00016,4e-05,2e-05,-3e-05,6e-05,-0.00011,9e-05,2e-05,2,21
2600,-3e-05,-2e-05,-2e-05,-2e-05,-2e-05,-3e-05,-1e-05,-2e-05,1,21
12033,-1e-05,3e-05,-7e-05,-0.00015,-8e-05,-0.00019,-0.00014,-0.00019,3,21
2600,-3e-05,-2e-05,-2e-05,-2e-05,-2e-05,-3e-05,-1e-05,-2e-05,1,21
19545,3e-05,8e-05,0.00013,-0.00033,-6e-05,0.00075,0.00023,0.0001,4,21
2600,-3e-05,-2e-05,-2e-05,-2e-05,-2e-05,-3e-05,-1e-05,-2e-05,1,21
26100,4e-05,1e-05,-0.0002,-0.0001,0.00019,4e-05,2e-05,1e-05,5,21
2600,-3e-05,-2e-05,-2e-05,-2e-05,-2e-05,-3e-05,-1e-05,-2e-05,1,21
25962,0.00023,6e-05,1e-05,-5e-05,-0.00037,0.00078,-0.0001,-0.00011,6,21
41046,0.00016,4e-05,2e-05,-3e-05,6e-05,-0.00011,9e-05,2e-05,2,21
12033,-1e-05,3e-05,-7e-05,-0.00015,-8e-05,-0.00019,-0.00014,-0.00019,3,21
41046,0.00016,4e-05,2e-05,-3e-05,6e-05,-0.00011,9e-05,2e-05,2,21
19545,3e-05,8e-05,0.00013,-0.00033,-6e-05,0.00075,0.00023,0.0001,4,21
41046,0.00016,4e-05,2e-05,-3e-05,6e-05,-0.00011,9e-05,2e-05,2,21
26100,4e-05,1e-05,-0.0002,-0.0001,0.00019,4e-05,2e-05,1e-05,5,21
41046,0.00016,4e-05,2e-05,-3e-05,6e-05,-0.00011,9e-05,2e-05,2,21
25962,0.00023,6e-05,1e-05,-5e-05,-0.00037,0.00078,-0.0001,-0.00011,6,21
12033,-1e-05,3e-05,-7e-05,-0.00015,-8e-05,-0.00019,-0.00014,-0.00019,3,21
19545,3e-05,8e-05,0.00013,-0.00033,-6e-05,0.00075,0.00023,0.0001,4,21
12033,-1e-05,3e-05,-7e-05,-0.00015,-8e-05,-0.00019,-0.00014,-0.00019,3,21
26100,4e-05,1e-05,-0.0002,-0.0001,0.00019,4e-05,2e-05,1e-05,5,21
12033,-1e-05,3e-05,-7e-05,-0.00015,-8e-05,-0.00019,-0.00014,-0.00019,3,21
25962,0.00023,6e-05,1e-05,-5e-05,-0.00037,0.00078,-0.0001,-0.00011,6,21
19545,3e-05,8e-05,0.00013,-0.00033,-6e-05,0.00075,0.00023,0.0001,4,21
26100,4e-05,1e-05,-0.0002,-0.0001,0.00019,4e-05,2e-05,1e-05,5,21
19545,3e-05,8e-05,0.00013,-0.00033,-6e-05,0.00075,0.00023,0.0001,4,21
25962,0.00023,6e-05,1e-05,-5e-05,-0.00037,0.00078,-0.0001,-0.00011,6,21
26100,4e-05,1e-05,-0.0002,-0.0001,0.00019,4e-05,2e-05,1e-05,5,21
25962,0.00023,6e-05,1e-05,-5e-05,-0.00037,0.00078,-0.0001,-0.00011,6,21
3760,-1e-05,0.0,0.0,1e-05,-2e-05,-2e-05,0.0,0.0,1,22
39649,9e-05,-0.0001,3e-05,0.00023,1e-05,-1e-05,1e-05,0.0,2,22
3760,-1e-05,0.0,0.0,1e-05,-2e-05,-2e-05,0.0,0.0,1,22
13284,4e-05,-7e-05,-3e-05,-2e-05,1e-05,2e-05,-1e-05,7e-05,3,22
3760,-1e-05,0.0,0.0,1e-05,-2e-05,-2e-05,0.0,0.0,1,22
18282,-9e-05,0.00011,6e-05,-0.00046,-0.0002,-0.00012,-2e-05,-6e-05,4,22
3760,-1e-05,0.0,0.0,1e-05,-2e-05,-2e-05,0.0,0.0,1,22
57008,8e-05,5e-05,-2e-05,-1e-05,3e-05,8e-05,8e-05,5e-05,5,22
3760,-1e-05,0.0,0.0,1e-05,-2e-05,-2e-05,0.0,0.0,1,22
57102,3e-05,-7e-05,-0.00032,-5e-05,1e-05,-1e-05,3e-05,-3e-05,6,22
39649,9e-05,-0.0001,3e-05,0.00023,1e-05,-1e-05,1e-05,0.0,2,22
13284,4e-05,-7e-05,-3e-05,-2e-05,1e-05,2e-05,-1e-05,7e-05,3,22
39649,9e-05,-0.0001,3e-05,0.00023,1e-05,-1e-05,1e-05,0.0,2,22
18282,-9e-05,0.00011,6e-05,-0.00046,-0.0002,-0.00012,-2e-05,-6e-05,4,22
39649,9e-05,-0.0001,3e-05,0.00023,1e-05,-1e-05,1e-05,0.0,2,22
57008,8e-05,5e-05,-2e-05,-1e-05,3e-05,8e-05,8e-05,5e-05,5,22
39649,9e-05,-0.0001,3e-05,0.00023,1e-05,-1e-05,1e-05,0.0,2,22
57102,3e-05,-7e-05,-0.00032,-5e-05,1e-05,-1e-05,3e-05,-3e-05,6,22
13284,4e-05,-7e-05,-3e-05,-2e-05,1e-05,2e-05,-1e-05,7e-05,3,22
18282,-9e-05,0.00011,6e-05,-0.00046,-0.0002,-0.00012,-2e-05,-6e-05,4,22
13284,4e-05,-7e-05,-3e-05,-2e-05,1e-05,2e-05,-1e-05,7e-05,3,22
57008,8e-05,5e-05,-2e-05,-1e-05,3e-05,8e-05,8e-05,5e-05,5,22
13284,4e-05,-7e-05,-3e-05,-2e-05,1e-05,2e-05,-1e-05,7e-05,3,22
57102,3e-05,-7e-05,-0.00032,-5e-05,1e-05,-1e-05,3e-05,-3e-05,6,22
18282,-9e-05,0.00011,6e-05,-0.00046,-0.0002,-0.00012,-2e-05,-6e-05,4,22
57008,8e-05,5e-05,-2e-05,-1e-05,3e-05,8e-05,8e-05,5e-05,5,22
18282,-9e-05,0.00011,6e-05,-0.00046,-0.0002,-0.00012,-2e-05,-6e-05,4,22
57102,3e-05,-7e-05,-0.00032,-5e-05,1e-05,-1e-05,3e-05,-3e-05,6,22
57008,8e-05,5e-05,-2e-05,-1e-05,3e-05,8e-05,8e-05,5e-05,5,22
57102,3e-05,-7e-05,-0.00032,-5e-05,1e-05,-1e-05,3e-05,-3e-05,6,22
32480,-2e-05,0.0,-1e-05,-3e-05,1e-05,3e-05,0.0,0.0,1,23
36811,0.00014,-1e-05,-1e-05,-0.00059,-0.00013,-0.00014,-9e-05,0.0002,2,23
32480,-2e-05,0.0,-1e-05,-3e-05,1e-05,3e-05,0.0,0.0,1,23
42235,0.00011,0.00024,-1e-05,-5e-05,-0.0001,1e-05,2e-05,0.00012,3,23
32480,-2e-05,0.0,-1e-05,-3e-05,1e-05,3e-05,0.0,0.0,1,23
46571,-1e-05,-2e-05,0.00018,0.00059,0.00124,0.00021,-0.00011,-9e-05,4,23
32480,-2e-05,0.0,-1e-05,-3e-05,1e-05,3e-05,0.0,0.0,1,23
22963,-0.00014,-1e-05,-6e-05,-2e-05,0.00011,0.0,0.0,-3e-05,5,23
32480,-2e-05,0.0,-1e-05,-3e-05,1e-05,3e-05,0.0,0.0,1,23
28655,9e-05,-2e-05,-1e-05,-1e-05,0.0001,0.00019,-0.0001,0.00062,6,23
36811,0.00014,-1e-05,-1e-05,-0.00059,-0.00013,-0.00014,-9e-05,0.0002,2,23
42235,0.00011,0.00024,-1e-05,-5e-05,-0.0001,1e-05,2e-05,0.00012,3,23
36811,0.00014,-1e-05,-1e-05,-0.00059,-0.00013,-0.00014,-9e-05,0.0002,2,23
46571,-1e-05,-2e-05,0.00018,0.00059,0.00124,0.00021,-0.00011,-9e-05,4,23
36811,0.00014,-1e-05,-1e-05,-0.00059,-0.00013,-0.00014,-9e-05,0.0002,2,23
22963,-0.00014,-1e-05,-6e-05,-2e-05,0.00011,0.0,0.0,-3e-05,5,23
36811,0.00014,-1e-05,-1e-05,-0.00059,-0.00013,-0.00014,-9e-05,0.0002,2,23
28655,9e-05,-2e-05,-1e-05,-1e-05,0.0001,0.00019,-0.0001,0.00062,6,23
42235,0.00011,0.00024,-1e-05,-5e-05,-0.0001,1e-05,2e-05,0.00012,3,23
46571,-1e-05,-2e-05,0.00018,0.00059,0.00124,0.00021,-0.00011,-9e-05,4,23
42235,0.00011,0.00024,-1e-05,-5e-05,-0.0001,1e-05,2e-05,0.00012,3,23
22963,-0.00014,-1e-05,-6e-05,-2e-05,0.00011,0.0,0.0,-3e-05,5,23
42235,0.00011,0.00024,-1e-05,-5e-05,-0.0001,1e-05,2e-05,0.00012,3,23
28655,9e-05,-2e-05,-1e-05,-1e-05,0.0001,0.00019,-0.0001,0.00062,6,23
46571,-1e-05,-2e-05,0.00018,0.00059,0.00124,0.00021,-0.00011,-9e-05,4,23
22963,-0.00014,-1e-05,-6e-05,-2e-05,0.00011,0.0,0.0,-3e-05,5,23
46571,-1e-05,-2e-05,0.00018,0.00059,0.00124,0.00021,-0.00011,-9e-05,4,23
28655,9e-05,-2e-05,-1e-05,-1e-05,0.0001,0.00019,-0.0001,0.00062,6,23
22963,-0.00014,-1e-05,-6e-05,-2e-05,0.00011,0.0,0.0,-3e-05,5,23
28655,9e-05,-2e-05,-1e-05,-1e-05,0.0001,0.00019,-0.0001,0.00062,6,23
2269,0.0,-1e-05,-4e-05,-4e-05,-2e-05,-1e-05,0.0,0.0,1,24
34588,-0.00026,-0.00016,-1e-05,-0.00027,-3e-05,-3e-05,-1e-05,0.0002,2,24
2269,0.0,-1e-05,-4e-05,-4e-05,-2e-05,-1e-05,0.0,0.0,1,24
10244,0.0,-1e-05,-3e-05,-4e-05,-5e-05,-4e-05,-0.0001,-0.00019,3,24
2269,0.0,-1e-05,-4e-05,-4e-05,-2e-05,-1e-05,0.0,0.0,1,24
18384,5e-05,7e-05,0.0001,0.0,-6e-05,2e-05,5e-05,5e-05,4,24
2269,0.0,-1e-05,-4e-05,-4e-05,-2e-05,-1e-05,0.0,0.0,1,24
54784,3e-05,6e-05,2e-05,9e-05,-2e-05,5e-05,3e-05,1e-05,5,24
2269,0.0,-1e-05,-4e-05,-4e-05,-2e-05,-1e-05,0.0,0.0,1,24
54614,0.0,5e-05,5e-05,5e-05,3e-05,2e-05,-0.00022,-0.00089,6,24
34588,-0.00026,-0.00016,-1e-05,-0.00027,-3e-05,-3e-05,-1e-05,0.0002,2,24
10244,0.0,-1e-05,-3e-05,-4e-05,-5e-05,-4e-05,-0.0001,-0.00019,3,24
34588,-0.00026,-0.00016,-1e-05,-0.00027,-3e-05,-3e-05,-1e-05,0.0002,2,24
18384,5e-05,7e-05,0.0001,0.0,-6e-05,2e-05,5e-05,5e-05,4,24
34588,-0.00026,-0.00016,-1e-05,-0.00027,-3e-05,-3e-05,-1e-05,0.0002,2,24
54784,3e-05,6e-05,2e-05,9e-05,-2e-05,5e-05,3e-05,1e-05,5,24
34588,-0.00026,-0.00016,-1e-05,-0.00027,-3e-05,-3e-05,-1e-05,0.0002,2,24
54614,0.0,5e-05,5e-05,5e-05,3e-05,2e-05,-0.00022,-0.00089,6,24
10244,0.0,-1e-05,-3e-05,-4e-05,-5e-05,-4e-05,-0.0001,-0.00019,3,24
18384,5e-05,7e-05,0.0001,0.0,-6e-05,2e-05,5e-05,5e-05,4,24
10244,0.0,-1e-05,-3e-05,-4e-05,-5e-05,-4e-05,-0.0001,-0.00019,3,24
54784,3e-05,6e-05,2e-05,9e-05,-2e-05,5e-05,3e-05,1e-05,5,24
10244,0.0,-1e-05,-3e-05,-4e-05,-5e-05,-4e-05,-0.0001,-0.00019,3,24
54614,0.0,5e-05,5e-05,5e-05,3e-05,2e-05,-0.00022,-0.00089,6,24
18384,5e-05,7e-05,0.0001,0.0,-6e-05,2e-05,5e-05,5e-05,4,24
54784,3e-05,6e-05,2e-05,9e-05,-2e-05,5e-05,3e-05,1e-05,5,24
18384,5e-05,7e-05,0.0001,0.0,-6e-05,2e-05,5e-05,5e-05,4,24
54614,0.0,5e-05,5e-05,5e-05,3e-05,2e-05,-0.00022,-0.00089,6,24
54784,3e-05,6e-05,2e-05,9e-05,-2e-05,5e-05,3e-05,1e-05,5,24
54614,0.0,5e-05,5e-05,5e-05,3e-05,2e-05,-0.00022,-0.00089,6,24
2159,0.0,-2e-05,-2e-05,-3e-05,-1e-05,-4e-05,-5e-05,-1e-05,1,25
5756,0.00014,0.0002,0.00027,0.00068,0.00094,0.00093,0.00012,-0.00037,2,25
2159,0.0,-2e-05,-2e-05,-3e-05,-1e-05,-4e-05,-5e-05,-1e-05,1,25
13000,-8e-05,5e-05,-2e-05,-0.00045,-0.00079,6e-05,-2e-05,-0.00038,3,25
2159,0.0,-2e-05,-2e-05,-3e-05,-1e-05,-4e-05,-5e-05,-1e-05,1,25
52312,-0.00027,-0.00032,-4e-05,3e-05,-8e-05,-0.00017,-0.0004,-0.00079,4,25
2159,0.0,-2e-05,-2e-05,-3e-05,-1e-05,-4e-05,-5e-05,-1e-05,1,25
49391,-0.00073,-0.00046,-0.00012,-0.00037,-0.00027,0.00012,-4e-05,-5e-05,5,25
2159,0.0,-2e-05,-2e-05,-3e-05,-1e-05,-4e-05,-5e-05,-1e-05,1,25
61924,0.0008,0.0001,-5e-05,-0.00016,-0.00032,-0.00068,0.00015,0.00072,6,25
5756,0.00014,0.0002,0.00027,0.00068,0.00094,0.00093,0.00012,-0.00037,2,25
13000,-8e-05,5e-05,-2e-05,-0.00045,-0.00079,6e-05,-2e-05,-0.00038,3,25
5756,0.00014,0.0002,0.00027,0.00068,0.00094,0.00093,0.00012,-0.00037,2,25
52312,-0.00027,-0.00032,-4e-05,3e-05,-8e-05,-0.00017,-0.0004,-0.00079,4,25
5756,0.00014,0.0002,0.00027,0.00068,0.00094,0.00093,0.00012,-0.00037,2,25
49391,-0.00073,-0.00046,-0.00012,-0.00037,-0.00027,0.00012,-4e-05,-5e-05,5,25
5756,0.00014,0.0002,0.00027,0.00068,0.00094,0.00093,0.00012,-0.00037,2,25
61924,0.0008,0.0001,-5e-05,-0.00016,-0.00032,-0.00068,0.00015,0.00072,6,25
13000,-8e-05,5e-05,-2e-05,-0.00045,-0.00079,6e-05,-2e-05,-0.00038,3,25
52312,-0.00027,-0.00032,-4e-05,3e-05,-8e-05,-0.00017,-0.0004,-0.00079,4,25
13000,-8e-05,5e-05,-2e-05,-0.00045,-0.00079,6e-05,-2e-05,-0.00038,3,25
49391,-0.00073,-0.00046,-0.00012,-0.00037,-0.00027,0.00012,-4e-05,-5e-05,5,25
13000,-8e-05,5e-05,-2e-05,-0.00045,-0.00079,6e-05,-2e-05,-0.00038,3,25
61924,0.0008,0.0001,-5e-05,-0.00016,-0.00032,-0.00068,0.00015,0.00072,6,25
52312,-0.00027,-0.00032,-4e-05,3e-05,-8e-05,-0.00017,-0.0004,-0.00079,4,25
49391,-0.00073,-0.00046,-0.00012,-0.00037,-0.00027,0.00012,-4e-05,-5e-05,5,25
52312,-0.00027,-0.00032,-4e-05,3e-05,-8e-05,-0.00017,-0.0004,-0.00079,4,25
61924,0.0008,0.0001,-5e-05,-0.00016,-0.00032,-0.00068,0.00015,0.00072,6,25
49391,-0.00073,-0.00046,-0.00012,-0.00037,-0.00027,0.00012,-4e-05,-5e-05,5,25
61924,0.0008,0.0001,-5e-05,-0.00016,-0.00032,-0.00068,0.00015,0.00072,6,25
666,-1e-05,-3e-05,-1e-05,1e-05,-2e-05,-3e-05,0.0,2e-05,1,26
33206,0.00033,0.00012,7e-05,2e-05,5e-05,0.00085,0.00094,0.00058,2,26
666,-1e-05,-3e-05,-1e-05,1e-05,-2e-05,-3e-05,0.0,2e-05,1,26
12428,-0.0006,-7e-05,-1e-05,-1e-05,0.00018,0.00027,0.00029,0.00038,3,26
666,-1e-05,-3e-05,-1e-05,1e-05,-2e-05,-3e-05,0.0,2e-05,1,26
42106,-3e-05,-5e-05,-8e-05,-0.00057,-0.00079,-0.00041,-0.00011,-3e-05,4,26
666,-1e-05,-3e-05,-1e-05,1e-05,-2e-05,-3e-05,0.0,2e-05,1,26
46504,2e-05,-2e-05,-0.00024,-7e-05,-0.00019,4e-05,-4e-05,-4e-05,5,26
666,-1e-05,-3e-05,-1e-05,1e-05,-2e-05,-3e-05,0.0,2e-05,1,26
57292,-0.00046,-0.00024,-0.00013,-0.0002,-0.00043,-0.00028,-0.00012,-0.00025,6,26
33206,0.00033,0.00012,7e-05,2e-05,5e-05,0.00085,0.00094,0.00058,2,26
12428,-0.0006,-7e-05,-1e-05,-1e-05,0.00018,0.00027,0.00029,0.00038,3,26
33206,0.00033,0.00012,7e-05,2e-05,5e-05,0.00085,0.00094,0.00058,2,26
42106,-3e-05,-5e-05,-8e-05,-0.00057,-0.00079,-0.00041,-0.00011,-3e-05,4,26
33206,0.00033,0.00012,7e-05,2e-05,5e-05,0.00085,0.00094,0.00058,2,26
46504,2e-05,-2e-05,-0.00024,-7e-05,-0.00019,4e-05,-4e-05,-4e-05,5,26
33206,0.00033,0.00012,7e-05,2e-05,5e-05,0.00085,0.00094,0.00058,2,26
57292,-0.00046,-0.00024,-0.00013,-0.0002,-0.00043,-0.00028,-0.00012,-0.00025,6,26
12428,-0.0006,-7e-05,-1e-05,-1e-05,0.00018,0.00027,0.00029,0.00038,3,26
42106,-3e-05,-5e-05,-8e-05,-0.00057,-0.00079,-0.00041,-0.00011,-3e-05,4,26
12428,-0.0006,-7e-05,-1e-05,-1e-05,0.00018,0.00027,0.00029,0.00038,3,26
46504,2e-05,-2e-05,-0.00024,-7e-05,-0.00019,4e-05,-4e-05,-4e-05,5,26
12428,-0.0006,-7e-05,-1e-05,-1e-05,0.00018,0.00027,0.00029,0.00038,3,26
57292,-0.00046,-0.00024,-0.00013,-0.0002,-0.00043,-0.00028,-0.00012,-0.00025,6,26
42106,-3e-05,-5e-05,-8e-05,-0.00057,-0.00079,-0.00041,-0.00011,-3e-05,4,26
46504,2e-05,-2e-05,-0.00024,-7e-05,-0.00019,4e-05,-4e-05,-4e-05,5,26
42106,-3e-05,-5e-05,-8e-05,-0.00057,-0.00079,-0.00041,-0.00011,-3e-05,4,26
57292,-0.00046,-0.00024,-0.00013,-0.0002,-0.00043,-0.00028,-0.00012,-0.00025,6,26
46504,2e-05,-2e-05,-0.00024,-7e-05,-0.00019,4e-05,-4e-05,-4e-05,5,26
57292,-0.00046,-0.00024,-0.00013,-0.0002,-0.00043,-0.00028,-0.00012,-0.00025,6,26
32388,1e-05,-1e-05,0.0,-1e-05,-1e-05,1e-05,0.0,-1e-05,1,27
5409,-0.00011,-1e-05,7e-05,0.00049,-1e-05,-2e-05,-0.00014,-1e-05,2,27
32388,1e-05,-1e-05,0.0,-1e-05,-1e-05,1e-05,0.0,-1e-05,1,27
36851,0.0,-1e-05,0.0,2e-05,0.00012,0.00034,2e-05,0.0,3,27
32388,1e-05,-1e-05,0.0,-1e-05,-1e-05,1e-05,0.0,-1e-05,1,27
40868,-4e-05,-2e-05,-6e-05,-5e-05,-0.00117,1e-05,-4e-05,-6e-05,4,27
32388,1e-05,-1e-05,0.0,-1e-05,-1e-05,1e-05,0.0,-1e-05,1,27
20163,-6e-05,0.0001,-6e-05,6e-05,0.00015,7e-05,-4e-05,-8e-05,5,27
32388,1e-05,-1e-05,0.0,-1e-05,-1e-05,1e-05,0.0,-1e-05,1,27
28569,0.00011,0.0,0.0,5e-05,0.0001,0.0,-1e-05,4e-05,6,27
5409,-0.00011,-1e-05,7e-05,0.00049,-1e-05,-2e-05,-0.00014,-1e-05,2,27
36851,0.0,-1e-05,0.0,2e-05,0.00012,0.00034,2e-05,0.0,3,27
5409,-0.00011,-1e-05,7e-05,0.00049,-1e-05,-2e-05,-0.00014,-1e-05,2,27
40868,-4e-05,-2e-05,-6e-05,-5e-05,-0.00117,1e-05,-4e-05,-6e-05,4,27
5409,-0.00011,-1e-05,7e-05,0.00049,-1e-05,-2e-05,-0.00014,-1e-05,2,27
20163,-6e-05,0.0001,-6e-05,6e-05,0.00015,7e-05,-4e-05,-8e-05,5,27
5409,-0.00011,-1e-05,7e-05,0.00049,-1e-05,-2e-05,-0.00014,-1e-05,2,27
28569,0.00011,0.0,0.0,5e-05,0.0001,0.0,-1e-05,4e-05,6,27
36851,0.0,-1e-05,0.0,2e-05,0.00012,0.00034,2e-05,0.0,3,27
40868,-4e-05,-2e-05,-6e-05,-5e-05,-0.00117,1e-05,-4e-05,-6e-05,4,27
36851,0.0,-1e-05,0.0,2e-05,0.00012,0.00034,2e-05,0.0,3,27
20163,-6e-05,0.0001,-6e-05,6e-05,0.00015,7e-05,-4e-05,-8e-05,5,27
36851,0.0,-1e-05,0.0,2e-05,0.00012,0.00034,2e-05,0.0,3,27
28569,0.00011,0.0,0.0,5e-05,0.0001,0.0,-1e-05,4e-05,6,27
40868,-4e-05,-2e-05,-6e-05,-5e-05,-0.00117,1e-05,-4e-05,-6e-05,4,27
20163,-6e-05,0.0001,-6e-05,6e-05,0.00015,7e-05,-4e-05,-8e-05,5,27
40868,-4e-05,-2e-05,-6e-05,-5e-05,-0.00117,1e-05,-4e-05,-6e-05,4,27
28569,0.00011,0.0,0.0,5e-05,0.0001,0.0,-1e-05,4e-05,6,27
20163,-6e-05,0.0001,-6e-05,6e-05,0.00015,7e-05,-4e-05,-8e-05,5,27
28569,0.00011,0.0,0.0,5e-05,0.0001,0.0,-1e-05,4e-05,6,27
1084,0.0,0.0,0.0,2e-05,0.0,0.0,-1e-05,-2e-05,1,28
29766,-1e-05,7e-05,0.0004,-6e-05,-6e-05,-0.00013,-0.00061,-5e-05,2,28
1084,0.0,0.0,0.0,2e-05,0.0,0.0,-1e-05,-2e-05,1,28
37120,-1e-05,-0.00032,-0.00013,-2e-05,1e-05,-2e-05,3e-05,0.00015,3,28
1084,0.0,0.0,0.0,2e-05,0.0,0.0,-1e-05,-2e-05,1,28
39994,-1e-05,4e-05,4e-05,0.0002,0.00023,-0.00016,-1e-05,-6e-05,4,28
1084,0.0,0.0,0.0,2e-05,0.0,0.0,-1e-05,-2e-05,1,28
46464,0.0,0.00036,-3e-05,-3e-05,-0.00032,-7e-05,1e-05,-0.0001,5,28
1084,0.0,0.0,0.0,2e-05,0.0,0.0,-1e-05,-2e-05,1,28
50102,0.00022,0.0,-0.00016,-0.00021,-0.00034,-0.00046,0.00013,-0.00043,6,28
29766,-1e-05,7e-05,0.0004,-6e-05,-6e-05,-0.00013,-0.00061,-5e-05,2,28
37120,-1e-05,-0.00032,-0.00013,-2e-05,1e-05,-2e-05,3e-05,0.00015,3,28
29766,-1e-05,7e-05,0.0004,-6e-05,-6e-05,-0.00013,-0.00061,-5e-05,2,28
39994,-1e-05,4e-05,4e-05,0.0002,0.00023,-0.00016,-1e-05,-6e-05,4,28
29766,-1e-05,7e-05,0.0004,-6e-05,-6e-05,-0.00013,-0.00061,-5e-05,2,28
46464,0.0,0.00036,-3e-05,-3e-05,-0.00032,-7e-05,1e-05,-0.0001,5,28
29766,-1e-05,7e-05,0.0004,-6e-05,-6e-05,-0.00013,-0.00061,-5e-05,2,28
50102,0.00022,0.0,-0.00016,-0.00021,-0.00034,-0.00046,0.00013,-0.00043,6,28
37120,-1e-05,-0.00032,-0.00013,-2e-05,1e-05,-2e-05,3e-05,0.00015,3,28
39994,-1e-05,4e-05,4e-05,0.0002,0.00023,-0.00016,-1e-05,-6e-05,4,28
37120,-1e-05,-0.00032,-0.00013,-2e-05,1e-05,-2e-05,3e-05,0.00015,3,28
46464,0.0,0.00036,-3e-05,-3e-05,-0.00032,-7e-05,1e-05,-0.0001,5,28
37120,-1e-05,-0.00032,-0.00013,-2e-05,1e-05,-2e-05,3e-05,0.00015,3,28
50102,0.00022,0.0,-0.00016,-0.00021,-0.00034,-0.00046,0.00013,-0.00043,6,28
39994,-1e-05,4e-05,4e-05,0.0002,0.00023,-0.00016,-1e-05,-6e-05,4,28
46464,0.0,0.00036,-3e-05,-3e-05,-0.00032,-7e-05,1e-05,-0.0001,5,28
39994,-1e-05,4e-05,4e-05,0.0002,0.00023,-0.00016,-1e-05,-6e-05,4,28
50102,0.00022,0.0,-0.00016,-0.00021,-0.00034,-0.00046,0.00013,-0.00043,6,28
46464,0.0,0.00036,-3e-05,-3e-05,-0.00032,-7e-05,1e-05,-0.0001,5,28
50102,0.00022,0.0,-0.00016,-0.00021,-0.00034,-0.00046,0.00013,-0.00043,6,28
2098,-2e-05,-4e-05,-1e-05,-2e-05,0.0,-2e-05,-3e-05,0.0,1,29
33260,-2e-05,-3e-05,0.0,0.00021,0.00019,4e-05,3e-05,-1e-05,2,29
2098,-2e-05,-4e-05,-1e-05,-2e-05,0.0,-2e-05,-3e-05,0.0,1,29
37968,-0.0001,-7e-05,-3e-05,4e-05,-1e-05,4e-05,-4e-05,-0.00034,3,29
2098,-2e-05,-4e-05,-1e-05,-2e-05,0.0,-2e-05,-3e-05,0.0,1,29
44925,-2e-05,1e-05,5e-05,5e-05,0.00027,0.0003,-0.0001,5e-05,4,29
2098,-2e-05,-4e-05,-1e-05,-2e-05,0.0,-2e-05,-3e-05,0.0,1,29
48092,-5e-05,-3e-05,-3e-05,-0.00014,-0.00027,-8e-05,-2e-05,-3e-05,5,29
2098,-2e-05,-4e-05,-1e-05,-2e-05,0.0,-2e-05,-3e-05,0.0,1,29
52089,-7e-05,-5e-05,-4e-05,-7e-05,-0.00023,-0.0001,-9e-05,-8e-05,6,29
33260,-2e-05,-3e-05,0.0,0.00021,0.00019,4e-05,3e-05,-1e-05,2,29
37968,-0.0001,-7e-05,-3e-05,4e-05,-1e-05,4e-05,-4e-05,-0.00034,3,29
33260,-2e-05,-3e-05,0.0,0.00021,0.00019,4e-05,3e-05,-1e-05,2,29
44925,-2e-05,1e-05,5e-05,5e-05,0.00027,0.0003,-0.0001,5e-05,4,29
33260,-2e-05,-3e-05,0.0,0.00021,0.00019,4e-05,3e-05,-1e-05,2,29
48092,-5e-05,-3e-05,-3e-05,-0.00014,-0.00027,-8e-05,-2e-05,-3e-05,5,29
33260,-2e-05,-3e-05,0.0,0.00021,0.00019,4e-05,3e-05,-1e-05,2,29
52089,-7e-05,-5e-05,-4e-05,-7e-05,-0.00023,-0.0001,-9e-05,-8e-05,6,29
37968,-0.0001,-7e-05,-3e-05,4e-05,-1e-05,4e-05,-4e-05,-0.00034,3,29
44925,-2e-05,1e-05,5e-05,5e-05,0.00027,0.0003,-0.0001,5e-05,4,29
37968,-0.0001,-7e-05,-3e-05,4e-05,-1e-05,4e-05,-4e-05,-0.00034,3,29
48092,-5e-05,-3e-05,-3e-05,-0.00014,-0.00027,-8e-05,-2e-05,-3e-05,5,29
37968,-0.0001,-7e-05,-3e-05,4e-05,-1e-05,4e-05,-4e-05,-0.00034,3,29
52089,-7e-05,-5e-05,-4e-05,-7e-05,-0.00023,-0.0001,-9e-05,-8e-05,6,29
44925,-2e-05,1e-05,5e-05,5e-05,0.00027,0.0003,-0.0001,5e-05,4,29
48092,-5e-05,-3e-05,-3e-05,-0.00014,-0.00027,-8e-05,-2e-05,-3e-05,5,29
44925,-2e-05,1e-05,5e-05,5e-05,0.00027,0.0003,-0.0001,5e-05,4,29
52089,-7e-05,-5e-05,-4e-05,-7e-05,-0.00023,-0.0001,-9e-05,-8e-05,6,29
48092,-5e-05,-3e-05,-3e-05,-0.00014,-0.00027,-8e-05,-2e-05,-3e-05,5,29
52089,-7e-05,-5e-05,-4e-05,-7e-05,-0.00023,-0.0001,-9e-05,-8e-05,6,29
2973,-2e-05,-1e-05,4e-05,-7e-05,-0.00023,-4e-05,2e-05,1e-05,1,30
48305,-8e-05,-2e-05,3e-05,4e-05,-0.00011,0.00014,2e-05,-6e-05,2,30
2973,-2e-05,-1e-05,4e-05,-7e-05,-0.00023,-4e-05,2e-05,1e-05,1,30
47711,-3e-05,-3e-05,-6e-05,-2e-05,5e-05,-0.00017,0.0,-3e-05,3,30
2973,-2e-05,-1e-05,4e-05,-7e-05,-0.00023,-4e-05,2e-05,1e-05,1,30
53524,0.0,2e-05,-2e-05,5e-05,0.00015,-3e-05,-2e-05,-2e-05,4,30
2973,-2e-05,-1e-05,4e-05,-7e-05,-0.00023,-4e-05,2e-05,1e-05,1,30
22570,2e-05,6e-05,8e-05,-0.00018,-3e-05,9e-05,7e-05,5e-05,5,30
2973,-2e-05,-1e-05,4e-05,-7e-05,-0.00023,-4e-05,2e-05,1e-05,1,30
34340,-5e-05,-1e-05,-3e-05,-1e-05,-2e-05,-0.00015,1e-05,0.00012,6,30
2973,-2e-05,-1e-05,4e-05,-7e-05,-0.00023,-4e-05,2e-05,1e-05,1,30
77377,-1e-05,-7e-05,-0.00017,-2e-05,0.00011,-2e-05,-2e-05,3e-05,7,30
48305,-8e-05,-2e-05,3e-05,4e-05,-0.00011,0.00014,2e-05,-6e-05,2,30
47711,-3e-05,-3e-05,-6e-05,-2e-05,5e-05,-0.00017,0.0,-3e-05,3,30
48305,-8e-05,-2e-05,3e-05,4e-05,-0.00011,0.00014,2e-05,-6e-05,2,30
53524,0.0,2e-05,-2e-05,5e-05,0.00015,-3e-05,-2e-05,-2e-05,4,30
48305,-8e-05,-2e-05,3e-05,4e-05,-0.00011,0.00014,2e-05,-6e-05,2,30
22570,2e-05,6e-05,8e-05,-0.00018,-3e-05,9e-05,7e-05,5e-05,5,30
48305,-8e-05,-2e-05,3e-05,4e-05,-0.00011,0.00014,2e-05,-6e-05,2,30
34340,-5e-05,-1e-05,-3e-05,-1e-05,-2e-05,-0.00015,1e-05,0.00012,6,30
48305,-8e-05,-2e-05,3e-05,4e-05,-0.00011,0.00014,2e-05,-6e-05,2,30
77377,-1e-05,-7e-05,-0.00017,-2e-05,0.00011,-2e-05,-2e-05,3e-05,7,30
47711,-3e-05,-3e-05,-6e-05,-2e-05,5e-05,-0.00017,0.0,-3e-05,3,30
53524,0.0,2e-05,-2e-05,5e-05,0.00015,-3e-05,-2e-05,-2e-05,4,30
47711,-3e-05,-3e-05,-6e-05,-2e-05,5e-05,-0.00017,0.0,-3e-05,3,30
22570,2e-05,6e-05,8e-05,-0.00018,-3e-05,9e-05,7e-05,5e-05,5,30
47711,-3e-05,-3e-05,-6e-05,-2e-05,5e-05,-0.00017,0.0,-3e-05,3,30
34340,-5e-05,-1e-05,-3e-05,-1e-05,-2e-05,-0.00015,1e-05,0.00012,6,30
47711,-3e-05,-3e-05,-6e-05,-2e-05,5e-05,-0.00017,0.0,-3e-05,3,30
77377,-1e-05,-7e-05,-0.00017,-2e-05,0.00011,-2e-05,-2e-05,3e-05,7,30
53524,0.0,2e-05,-2e-05,5e-05,0.00015,-3e-05,-2e-05,-2e-05,4,30
22570,2e-05,6e-05,8e-05,-0.00018,-3e-05,9e-05,7e-05,5e-05,5,30
53524,0.0,2e-05,-2e-05,5e-05,0.00015,-3e-05,-2e-05,-2e-05,4,30
34340,-5e-05,-1e-05,-3e-05,-1e-05,-2e-05,-0.00015,1e-05,0.00012,6,30
53524,0.0,2e-05,-2e-05,5e-05,0.00015,-3e-05,-2e-05,-2e-05,4,30
77377,-1e-05,-7e-05,-0.00017,-2e-05,0.00011,-2e-05,-2e-05,3e-05,7,30
22570,2e-05,6e-05,8e-05,-0.00018,-3e-05,9e-05,7e-05,5e-05,5,30
34340,-5e-05,-1e-05,-3e-05,-1e-05,-2e-05,-0.00015,1e-05,0.00012,6,30
22570,2e-05,6e-05,8e-05,-0.00018,-3e-05,9e-05,7e-05,5e-05,5,30
77377,-1e-05,-7e-05,-0.00017,-2e-05,0.00011,-2e-05,-2e-05,3e-05,7,30
34340,-5e-05,-1e-05,-3e-05,-1e-05,-2e-05,-0.00015,1e-05,0.00012,6,30
77377,-1e-05,-7e-05,-0.00017,-2e-05,0.00011,-2e-05,-2e-05,3e-05,7,30
508,1e-05,0.0,0.0,1e-05,-5e-05,-1e-05,-1e-05,-3e-05,1,31
30499,0.00048,7e-05,1e-05,-0.00032,-5e-05,0.00068,0.00038,0.00011,2,31
508,1e-05,0.0,0.0,1e-05,-5e-05,-1e-05,-1e-05,-3e-05,1,31
33659,-1e-05,-5e-05,-8e-05,-0.00011,-0.00033,-0.00011,7e-05,0.00051,3,31
508,1e-05,0.0,0.0,1e-05,-5e-05,-1e-05,-1e-05,-3e-05,1,31
13729,3e-05,1e-05,3e-05,0.00114,0.00026,-0.00052,-0.00033,0.00028,4,31
508,1e-05,0.0,0.0,1e-05,-5e-05,-1e-05,-1e-05,-3e-05,1,31
18326,-1e-05,8e-05,0.00034,0.00071,0.00091,0.00027,5e-05,0.00012,5,31
508,1e-05,0.0,0.0,1e-05,-5e-05,-1e-05,-1e-05,-3e-05,1,31
22022,-0.0005,-0.00012,7e-05,-0.00016,-0.00015,0.00012,0.00019,1e-05,6,31
30499,0.00048,7e-05,1e-05,-0.00032,-5e-05,0.00068,0.00038,0.00011,2,31
33659,-1e-05,-5e-05,-8e-05,-0.00011,-0.00033,-0.00011,7e-05,0.00051,3,31
30499,0.00048,7e-05,1e-05,-0.00032,-5e-05,0.00068,0.00038,0.00011,2,31
13729,3e-05,1e-05,3e-05,0.00114,0.00026,-0.00052,-0.00033,0.00028,4,31
30499,0.00048,7e-05,1e-05,-0.00032,-5e-05,0.00068,0.00038,0.00011,2,31
18326,-1e-05,8e-05,0.00034,0.00071,0.00091,0.00027,5e-05,0.00012,5,31
30499,0.00048,7e-05,1e-05,-0.00032,-5e-05,0.00068,0.00038,0.00011,2,31
22022,-0.0005,-0.00012,7e-05,-0.00016,-0.00015,0.00012,0.00019,1e-05,6,31
33659,-1e-05,-5e-05,-8e-05,-0.00011,-0.00033,-0.00011,7e-05,0.00051,3,31
13729,3e-05,1e-05,3e-05,0.00114,0.00026,-0.00052,-0.00033,0.00028,4,31
33659,-1e-05,-5e-05,-8e-05,-0.00011,-0.00033,-0.00011,7e-05,0.00051,3,31
18326,-1e-05,8e-05,0.00034,0.00071,0.00091,0.00027,5e-05,0.00012,5,31
33659,-1e-05,-5e-05,-8e-05,-0.00011,-0.00033,-0.00011,7e-05,0.00051,3,31
22022,-0.0005,-0.00012,7e-05,-0.00016,-0.00015,0.00012,0.00019,1e-05,6,31
13729,3e-05,1e-05,3e-05,0.00114,0.00026,-0.00052,-0.00033,0.00028,4,31
18326,-1e-05,8e-05,0.00034,0.00071,0.00091,0.00027,5e-05,0.00012,5,31
13729,3e-05,1e-05,3e-05,0.00114,0.00026,-0.00052,-0.00033,0.00028,4,31
22022,-0.0005,-0.00012,7e-05,-0.00016,-0.00015,0.00012,0.00019,1e-05,6,31
18326,-1e-05,8e-05,0.00034,0.00071,0.00091,0.00027,5e-05,0.00012,5,31
22022,-0.0005,-0.00012,7e-05,-0.00016,-0.00015,0.00012,0.00019,1e-05,6,31
34983,2e-05,1e-05,-2e-05,0.0,3e-05,-2e-05,-2e-05,0.0,1,32
38729,0.0,3e-05,6e-05,0.00015,-2e-05,-5e-05,0.00015,8e-05,2,32
34983,2e-05,1e-05,-2e-05,0.0,3e-05,-2e-05,-2e-05,0.0,1,32
11496,-6e-05,0.00024,5e-05,2e-05,-0.00012,-0.00011,-0.00011,0.0,3,32
34983,2e-05,1e-05,-2e-05,0.0,3e-05,-2e-05,-2e-05,0.0,1,32
50692,2e-05,4e-05,0.00013,0.00013,0.00015,9e-05,4e-05,2e-05,4,32
34983,2e-05,1e-05,-2e-05,0.0,3e-05,-2e-05,-2e-05,0.0,1,32
54772,5e-05,4e-05,-1e-05,-7e-05,-9e-05,-0.00011,-1e-05,0.0,5,32
34983,2e-05,1e-05,-2e-05,0.0,3e-05,-2e-05,-2e-05,0.0,1,32
60802,4e-05,-1e-05,-4e-05,-2e-05,-7e-05,-0.00022,-5e-05,5e-05,6,32
38729,0.0,3e-05,6e-05,0.00015,-2e-05,-5e-05,0.00015,8e-05,2,32
11496,-6e-05,0.00024,5e-05,2e-05,-0.00012,-0.00011,-0.00011,0.0,3,32
38729,0.0,3e-05,6e-05,0.00015,-2e-05,-5e-05,0.00015,8e-05,2,32
50692,2e-05,4e-05,0.00013,0.00013,0.00015,9e-05,4e-05,2e-05,4,32
38729,0.0,3e-05,6e-05,0.00015,-2e-05,-5e-05,0.00015,8e-05,2,32
54772,5e-05,4e-05,-1e-05,-7e-05,-9e-05,-0.00011,-1e-05,0.0,5,32
38729,0.0,3e-05,6e-05,0.00015,-2e-05,-5e-05,0.00015,8e-05,2,32
60802,4e-05,-1e-05,-4e-05,-2e-05,-7e-05,-0.00022,-5e-05,5e-05,6,32
11496,-6e-05,0.00024,5e-05,2e-05,-0.00012,-0.00011,-0.00011,0.0,3,32
50692,2e-05,4e-05,0.00013,0.00013,0.00015,9e-05,4e-05,2e-05,4,32
11496,-6e-05,0.00024,5e-05,2e-05,-0.00012,-0.00011,-0.00011,0.0,3,32
54772,5e-05,4e-05,-1e-05,-7e-05,-9e-05,-0.00011,-1e-05,0.0,5,32
11496,-6e-05,0.00024,5e-05,2e-05,-0.00012,-0.00011,-0.00011,0.0,3,32
60802,4e-05,-1e-05,-4e-05,-2e-05,-7e-05,-0.00022,-5e-05,5e-05,6,32
50692,2e-05,4e-05,0.00013,0.00013,0.00015,9e-05,4e-05,2e-05,4,32
54772,5e-05,4e-05,-1e-05,-7e-05,-9e-05,-0.00011,-1e-05,0.0,5,32
50692,2e-05,4e-05,0.00013,0.00013,0.00015,9e-05,4e-05,2e-05,4,32
60802,4e-05,-1e-05,-4e-05,-2e-05,-7e-05,-0.00022,-5e-05,5e-05,6,32
54772,5e-05,4e-05,-1e-05,-7e-05,-9e-05,-0.00011,-1e-05,0.0,5,32
60802,4e-05,-1e-05,-4e-05,-2e-05,-7e-05,-0.00022,-5e-05,5e-05,6,32
34325,0.0,0.0,-2e-05,-2e-05,3e-05,0.00021,-2e-05,-2e-05,1,33
5836,-2e-05,-2e-05,-8e-05,-0.00012,-3e-05,0.00021,0.00098,0.0001,2,33
34325,0.0,0.0,-2e-05,-2e-05,3e-05,0.00021,-2e-05,-2e-05,1,33
10860,-3e-05,-2e-05,-6e-05,8e-05,-0.00013,-0.0001,-2e-05,-0.00025,3,33
34325,0.0,0.0,-2e-05,-2e-05,3e-05,0.00021,-2e-05,-2e-05,1,33
43894,-5e-05,6e-05,7e-05,0.00117,-0.00013,-0.00023,-7e-05,-4e-05,4,33
34325,0.0,0.0,-2e-05,-2e-05,3e-05,0.00021,-2e-05,-2e-05,1,33
21706,-2e-05,-9e-05,-0.00017,-0.00027,-0.00034,-0.0001,-4e-05,-3e-05,5,33
34325,0.0,0.0,-2e-05,-2e-05,3e-05,0.00021,-2e-05,-2e-05,1,33
59344,-0.00016,-8e-05,-9e-05,-0.00011,-0.00032,0.00036,-0.00012,-0.00067,6,33
5836,-2e-05,-2e-05,-8e-05,-0.00012,-3e-05,0.00021,0.00098,0.0001,2,33
10860,-3e-05,-2e-05,-6e-05,8e-05,-0.00013,-0.0001,-2e-05,-0.00025,3,33
5836,-2e-05,-2e-05,-8e-05,-0.00012,-3e-05,0.00021,0.00098,0.0001,2,33
43894,-5e-05,6e-05,7e-05,0.00117,-0.00013,-0.00023,-7e-05,-4e-05,4,33
5836,-2e-05,-2e-05,-8e-05,-0.00012,-3e-05,0.00021,0.00098,0.0001,2,33
21706,-2e-05,-9e-05,-0.00017,-0.00027,-0.00034,-0.0001,-4e-05,-3e-05,5,33
5836,-2e-05,-2e-05,-8e-05,-0.00012,-3e-05,0.00021,0.00098,0.0001,2,33
59344,-0.00016,-8e-05,-9e-05,-0.00011,-0.00032,0.00036,-0.00012,-0.00067,6,33
10860,-3e-05,-2e-05,-6e-05,8e-05,-0.00013,-0.0001,-2e-05,-0.00025,3,33
43894,-5e-05,6e-05,7e-05,0.00117,-0.00013,-0.00023,-7e-05,-4e-05,4,33
10860,-3e-05,-2e-05,-6e-05,8e-05,-0.00013,-0.0001,-2e-05,-0.00025,3,33
21706,-2e-05,-9e-05,-0.00017,-0.00027,-0.00034,-0.0001,-4e-05,-3e-05,5,33
10860,-3e-05,-2e-05,-6e-05,8e-05,-0.00013,-0.0001,-2e-05,-0.00025,3,33
59344,-0.00016,-8e-05,-9e-05,-0.00011,-0.00032,0.00036,-0.00012,-0.00067,6,33
43894,-5e-05,6e-05,7e-05,0.00117,-0.00013,-0.00023,-7e-05,-4e-05,4,33
21706,-2e-05,-9e-05,-0.00017,-0.00027,-0.00034,-0.0001,-4e-05,-3e-05,5,33
43894,-5e-05,6e-05,7e-05,0.00117,-0.00013,-0.00023,-7e-05,-4e-05,4,33
59344,-0.00016,-8e-05,-9e-05,-0.00011,-0.00032,0.00036,-0.00012,-0.00067,6,33
21706,-2e-05,-9e-05,-0.00017,-0.00027,-0.00034,-0.0001,-4e-05,-3e-05,5,33
59344,-0.00016,-8e-05,-9e-05,-0.00011,-0.00032,0.00036,-0.00012,-0.00067,6,33
3262,-5e-05,-3e-05,-2e-05,-2e-05,0.0,-2e-05,0.0,0.0,1,34
32243,-9e-05,-8e-05,-0.00012,-0.00036,-0.0001,-1e-05,0.00018,-0.00014,2,34
3262,-5e-05,-3e-05,-2e-05,-2e-05,0.0,-2e-05,0.0,0.0,1,34
38023,0.0002,0.00029,8e-05,8e-05,0.00032,0.00018,-9e-05,-1e-05,3,34
3262,-5e-05,-3e-05,-2e-05,-2e-05,0.0,-2e-05,0.0,0.0,1,34
20617,-4e-05,-5e-05,-0.00028,-0.00012,-5e-05,-0.00022,-4e-05,-8e-05,4,34
3262,-5e-05,-3e-05,-2e-05,-2e-05,0.0,-2e-05,0.0,0.0,1,34
21242,0.00012,0.00018,-1e-05,0.00014,0.00061,0.0,2e-05,3e-05,5,34
3262,-5e-05,-3e-05,-2e-05,-2e-05,0.0,-2e-05,0.0,0.0,1,34
52083,-1e-05,-5e-05,-4e-05,-2e-05,-0.00034,-0.00035,0.0,9e-05,6,34
32243,-9e-05,-8e-05,-0.00012,-0.00036,-0.0001,-1e-05,0.00018,-0.00014,2,34
38023,0.0002,0.00029,8e-05,8e-05,0.00032,0.00018,-9e-05,-1e-05,3,34
32243,-9e-05,-8e-05,-0.00012,-0.00036,-0.0001,-1e-05,0.00018,-0.00014,2,34
20617,-4e-05,-5e-05,-0.00028,-0.00012,-5e-05,-0.00022,-4e-05,-8e-05,4,34
32243,-9e-05,-8e-05,-0.00012,-0.00036,-0.0001,-1e-05,0.00018,-0.00014,2,34
21242,0.00012,0.00018,-1e-05,0.00014,0.00061,0.0,2e-05,3e-05,5,34
32243,-9e-05,-8e-05,-0.00012,-0.00036,-0.0001,-1e-05,0.00018,-0.00014,2,34
52083,-1e-05,-5e-05,-4e-05,-2e-05,-0.00034,-0.00035,0.0,9e-05,6,34
38023,0.0002,0.00029,8e-05,8e-05,0.00032,0.00018,-9e-05,-1e-05,3,34
20617,-4e-05,-5e-05,-0.00028,-0.00012,-5e-05,-0.00022,-4e-05,-8e-05,4,34
38023,0.0002,0.00029,8e-05,8e-05,0.00032,0.00018,-9e-05,-1e-05,3,34
21242,0.00012,0.00018,-1e-05,0.00014,0.00061,0.0,2e-05,3e-05,5,34
38023,0.0002,0.00029,8e-05,8e-05,0.00032,0.00018,-9e-05,-1e-05,3,34
52083,-1e-05,-5e-05,-4e-05,-2e-05,-0.00034,-0.00035,0.0,9e-05,6,34
20617,-4e-05,-5e-05,-0.00028,-0.00012,-5e-05,-0.00022,-4e-05,-8e-05,4,34
21242,0.00012,0.00018,-1e-05,0.00014,0.00061,0.0,2e-05,3e-05,5,34
20617,-4e-05,-5e-05,-0.00028,-0.00012,-5e-05,-0.00022,-4e-05,-8e-05,4,34
52083,-1e-05,-5e-05,-4e-05,-2e-05,-0.00034,-0.00035,0.0,9e-05,6,34
21242,0.00012,0.00018,-1e-05,0.00014,0.00061,0.0,2e-05,3e-05,5,34
52083,-1e-05,-5e-05,-4e-05,-2e-05,-0.00034,-0.00035,0.0,9e-05,6,34
28621,-2e-05,-1e-05,-3e-05,2e-05,-1e-05,-2e-05,0.0,-2e-05,1,35
6043,0.0001,9e-05,8e-05,0.00025,0.00037,0.0004,-0.00043,-0.00017,2,35
28621,-2e-05,-1e-05,-3e-05,2e-05,-1e-05,-2e-05,0.0,-2e-05,1,35
11354,-0.00043,1e-05,-1e-05,0.0,0.00015,0.00019,0.00041,-9e-05,3,35
28621,-2e-05,-1e-05,-3e-05,2e-05,-1e-05,-2e-05,0.0,-2e-05,1,35
40711,-2e-05,-6e-05,-8e-05,-4e-05,0.00127,0.00054,0.00015,-0.00013,4,35
28621,-2e-05,-1e-05,-3e-05,2e-05,-1e-05,-2e-05,0.0,-2e-05,1,35
21371,-3e-05,-0.0001,-8e-05,-0.00051,0.00031,3e-05,-3e-05,-4e-05,5,35
28621,-2e-05,-1e-05,-3e-05,2e-05,-1e-05,-2e-05,0.0,-2e-05,1,35
23316,0.0004,0.00019,7e-05,0.0001,2e-05,0.00115,0.00064,0.00036,6,35
6043,0.0001,9e-05,8e-05,0.00025,0.00037,0.0004,-0.00043,-0.00017,2,35
11354,-0.00043,1e-05,-1e-05,0.0,0.00015,0.00019,0.00041,-9e-05,3,35
6043,0.0001,9e-05,8e-05,0.00025,0.00037,0.0004,-0.00043,-0.00017,2,35
40711,-2e-05,-6e-05,-8e-05,-4e-05,0.00127,0.00054,0.00015,-0.00013,4,35
6043,0.0001,9e-05,8e-05,0.00025,0.00037,0.0004,-0.00043,-0.00017,2,35
21371,-3e-05,-0.0001,-8e-05,-0.00051,0.00031,3e-05,-3e-05,-4e-05,5,35
6043,0.0001,9e-05,8e-05,0.00025,0.00037,0.0004,-0.00043,-0.00017,2,35
23316,0.0004,0.00019,7e-05,0.0001,2e-05,0.00115,0.00064,0.00036,6,35
11354,-0.00043,1e-05,-1e-05,0.0,0.00015,0.00019,0.00041,-9e-05,3,35
40711,-2e-05,-6e-05,-8e-05,-4e-05,0.00127,0.00054,0.00015,-0.00013,4,35
11354,-0.00043,1e-05,-1e-05,0.0,0.00015,0.00019,0.00041,-9e-05,3,35
21371,-3e-05,-0.0001,-8e-05,-0.00051,0.00031,3e-05,-3e-05,-4e-05,5,35
11354,-0.00043,1e-05,-1e-05,0.0,0.00015,0.00019,0.00041,-9e-05,3,35
23316,0.0004,0.00019,7e-05,0.0001,2e-05,0.00115,0.00064,0.00036,6,35
40711,-2e-05,-6e-05,-8e-05,-4e-05,0.00127,0.00054,0.00015,-0.00013,4,35
21371,-3e-05,-0.0001,-8e-05,-0.00051,0.00031,3e-05,-3e-05,-4e-05,5,35
40711,-2e-05,-6e-05,-8e-05,-4e-05,0.00127,0.00054,0.00015,-0.00013,4,35
23316,0.0004,0.00019,7e-05,0.0001,2e-05,0.00115,0.00064,0.00036,6,35
21371,-3e-05,-0.0001,-8e-05,-0.00051,0.00031,3e-05,-3e-05,-4e-05,5,35
23316,0.0004,0.00019,7e-05,0.0001,2e-05,0.00115,0.00064,0.00036,6,35
30149,-1e-05,-1e-05,-1e-05,9e-05,3e-05,-0.00011,-2e-05,-3e-05,1,36
5076,0.00016,-3e-05,4e-05,0.00023,5e-05,2e-05,0.00015,0.00022,2,36
30149,-1e-05,-1e-05,-1e-05,9e-05,3e-05,-0.00011,-2e-05,-3e-05,1,36
9846,2e-05,3e-05,0.0,-1e-05,-2e-05,-4e-05,-0.0001,3e-05,3,36
30149,-1e-05,-1e-05,-1e-05,9e-05,3e-05,-0.00011,-2e-05,-3e-05,1,36
43435,-2e-05,0.0,-0.0001,-0.0004,-0.00059,-0.0001,-1e-05,1e-05,4,36
30149,-1e-05,-1e-05,-1e-05,9e-05,3e-05,-0.00011,-2e-05,-3e-05,1,36
20528,-6e-05,6e-05,4e-05,0.00015,2e-05,8e-05,3e-05,-2e-05,5,36
30149,-1e-05,-1e-05,-1e-05,9e-05,3e-05,-0.00011,-2e-05,-3e-05,1,36
49984,7e-05,5e-05,-1e-05,4e-05,4e-05,-0.00017,-5e-05,4e-05,6,36
5076,0.00016,-3e-05,4e-05,0.00023,5e-05,2e-05,0.00015,0.00022,2,36
9846,2e-05,3e-05,0.0,-1e-05,-2e-05,-4e-05,-0.0001,3e-05,3,36
5076,0.00016,-3e-05,4e-05,0.00023,5e-05,2e-05,0.00015,0.00022,2,36
43435,-2e-05,0.0,-0.0001,-0.0004,-0.00059,-0.0001,-1e-05,1e-05,4,36
5076,0.00016,-3e-05,4e-05,0.00023,5e-05,2e-05,0.00015,0.00022,2,36
20528,-6e-05,6e-05,4e-05,0.00015,2e-05,8e-05,3e-05,-2e-05,5,36
5076,0.00016,-3e-05,4e-05,0.00023,5e-05,2e-05,0.00015,0.00022,2,36
49984,7e-05,5e-05,-1e-05,4e-05,4e-05,-0.00017,-5e-05,4e-05,6,36
9846,2e-05,3e-05,0.0,-1e-05,-2e-05,-4e-05,-0.0001,3e-05,3,36
43435,-2e-05,0.0,-0.0001,-0.0004,-0.00059,-0.0001,-1e-05,1e-05,4,36
9846,2e-05,3e-05,0.0,-1e-05,-2e-05,-4e-05,-0.0001,3e-05,3,36
20528,-6e-05,6e-05,4e-05,0.00015,2e-05,8e-05,3e-05,-2e-05,5,36
9846,2e-05,3e-05,0.0,-1e-05,-2e-05,-4e-05,-0.0001,3e-05,3,36
49984,7e-05,5e-05,-1e-05,4e-05,4e-05,-0.00017,-5e-05,4e-05,6,36
43435,-2e-05,0.0,-0.0001,-0.0004,-0.00059,-0.0001,-1e-05,1e-05,4,36
20528,-6e-05,6e-05,4e-05,0.00015,2e-05,8e-05,3e-05,-2e-05,5,36
43435,-2e-05,0.0,-0.0001,-0.0004,-0.00059,-0.0001,-1e-05,1e-05,4,36
49984,7e-05,5e-05,-1e-05,4e-05,4e-05,-0.00017,-5e-05,4e-05,6,36
20528,-6e-05,6e-05,4e-05,0.00015,2e-05,8e-05,3e-05,-2e-05,5,36
49984,7e-05,5e-05,-1e-05,4e-05,4e-05,-0.00017,-5e-05,4e-05,6,36
